cell_number,x_position,y_position
1,249.77777777777777,101.47692307692307
2,268.1029411764706,104.91176470588235
3,216.80494505494505,103.19505494505495
4,281.1111111111111,105.72222222222223
5,297.19101123595505,107.3567415730337
6,200.30769230769232,111.15934065934066
7,313.0275229357798,111.8256880733945
8,182.0880829015544,119.73834196891191
9,235.08114558472553,120.55608591885442
10,324.73755656108597,120.80090497737557
11,337.2298136645963,115.3975155279503
12,166.84285714285716,117.2
13,258.45045045045043,124.97522522522523
14,220.53515625,125.453125
15,284.76666666666665,121.8
16,273.98148148148147,124.38888888888889
17,164.69230769230768,128.64253393665157
18,204.03257328990227,127.13680781758957
19,337.0360576923077,131.7283653846154
20,291.38071065989845,129.3451776649746
21,308.2942857142857,128.89714285714285
22,353.76536312849163,127.54189944134079
23,154.9198312236287,133.0210970464135
24,178.86352941176472,137.47529411764705
25,247.25440806045341,140.31234256926953
26,139.27913279132792,142.23035230352303
27,272.7906976744186,139.04651162790697
28,358.86805555555554,139.77777777777777
29,213.9158249158249,142.43097643097644
30,321.17391304347825,146.16387959866222
31,197.68648648648647,142.5837837837838
32,229.99099099099098,145.61261261261262
33,121.6044776119403,145.29850746268656
34,291.42424242424244,147.86776859504133
35,307.2950191570881,145.8007662835249
36,364.53316953316954,152.4938574938575
37,150.7923076923077,147.55384615384617
38,337.4368070953437,151.84035476718404
39,382.8379310344828,150.92068965517242
40,189.24232081911262,153.23890784982936
41,259.30592105263156,158.4309210526316
42,157.4937343358396,159.18045112781954
43,173.32510288065845,154.63374485596708
44,275.65868263473055,156.32335329341316
45,207.5253623188406,158.7536231884058
46,110.55,161.32777777777778
47,132.04775280898878,161.37640449438203
48,242.119341563786,157.80658436213992
49,220.98666666666668,164.64
50,305.3527272727273,161.8581818181818
51,390.7932489451477,162.042194092827
52,344.07236842105266,165.2203947368421
53,194.0774193548387,169.8258064516129
54,316.56939501779357,169.53024911032028
55,368.5510835913313,168.7058823529412
56,233.77857142857144,173.40357142857144
57,289.5450819672131,170.20081967213116
58,145.72564102564104,174.59230769230768
59,248.62301587301587,172.34920634920636
60,272.9103448275862,173.02068965517242
61,391.5906976744186,175.47441860465116
62,121.60283687943263,176.95035460992906
63,167.77488151658767,178.53791469194312
64,324.1339563862928,179.29595015576325
65,345.64642857142854,177.76071428571427
66,100.72727272727273,178.75757575757575
67,209.7941176470588,180.9248366013072
68,299.5947712418301,181.91176470588235
69,405.26216216216216,186.57567567567568
70,259.3849372384937,182.2887029288703
71,187.16768292682926,183.6128048780488
72,366.30035335689047,183.34628975265016
73,226.0168776371308,186.69620253164558
74,281.06410256410254,190.26410256410256
75,126.95348837209302,190.30232558139534
76,348.86046511627904,188.7906976744186
77,100.82918149466192,190.55871886120997
78,242.51644736842104,192.14802631578948
79,148.575,191.7138888888889
80,324.39814814814815,194.33641975308643
81,304.44736842105266,195.25187969924812
82,202.08308605341247,196.62611275964392
83,179.08215297450425,197.56090651558074
84,260.76190476190476,196.8
85,220.5875,199.625
86,337.93457943925233,199.7336448598131
87,363.3649025069638,200.0
88,105.5993265993266,200.84848484848484
89,160.59479553903347,202.27509293680296
90,386.47727272727275,199.9
91,406.0911680911681,205.0854700854701
92,235.21884498480244,209.46504559270517
93,133.47486033519553,205.3687150837989
94,287.6986301369863,207.93835616438355
95,270.78620689655173,209.19310344827585
96,342.7423469387755,212.0841836734694
97,251.65930599369085,213.46687697160883
98,304.2686084142395,211.36245954692558
99,200.77173913043478,213.7753623188406
100,320.56906077348066,214.10773480662982
101,174.06463878326997,213.86311787072242
102,216.25172413793103,214.63793103448276
103,364.9387755102041,216.0
104,382.860103626943,215.82901554404145
105,189.21259842519686,217.45669291338584
106,154.56502242152467,214.0
107,416.6,216.405
108,109.87050359712231,216.3021582733813
109,130.54066985645932,216.45933014354068
110,396.821978021978,225.58461538461538
111,91.5421052631579,224.46315789473684
112,148.87307692307692,225.3653846153846
113,286.8354838709677,226.9967741935484
114,226.02777777777777,227.28968253968253
115,269.9812030075188,223.98496240601503
116,345.7038626609442,228.14163090128756
117,112.0,227.7220447284345
118,166.45258620689654,227.63793103448276
119,240.44973544973544,232.37037037037038
120,330.41735537190084,228.9297520661157
121,299.5164319248826,230.18779342723005
122,133.84169884169884,230.1081081081081
123,181.92201834862385,230.9862385321101
124,418.3141592920354,228.1150442477876
125,209.6060606060606,233.57575757575756
126,257.0,233.55913978494624
127,312.264367816092,232.30268199233717
128,357.6042944785276,234.38650306748465
129,195.0754716981132,236.54716981132074
130,372.2362637362637,238.62087912087912
131,109.1159420289855,237.6268115942029
132,79.6010101010101,238.010101010101
133,273.4121863799283,241.06810035842295
134,423.2368421052632,239.8859649122807
135,154.11787072243345,240.6958174904943
136,323.99557522123894,242.00442477876106
137,387.9685534591195,245.3238993710692
138,405.86267605633805,242.2112676056338
139,97.37827715355806,244.7078651685393
140,172.11023622047244,242.9724409448819
141,137.44776119402985,244.34701492537314
142,224.3390557939914,244.50643776824035
143,289.13418530351436,247.89776357827475
144,187.60115606936415,247.757225433526
145,249.3954372623574,249.73764258555133
146,305.9246031746032,248.06349206349208
147,121.9430894308943,249.7642276422764
148,350.2586206896552,251.57183908045977
149,84.21631205673759,251.16666666666666
150,205.8,249.48444444444445
151,263.0549019607843,254.05098039215687
152,238.1859296482412,255.06532663316582
153,169.04435483870967,255.83870967741936
154,421.45588235294116,254.40073529411765
155,74.35675675675675,261.0972972972973
156,330.98130841121497,257.07788161993767
157,109.42704626334519,258.48398576512454
158,371.3424657534247,255.56164383561645
159,140.7859649122807,259.82105263157894
160,156.4078431372549,259.6470588235294
161,402.75964391691394,259.8872403560831
162,224.93367346938774,258.57142857142856
163,273.54296875,261.9375
164,184.04522613065328,261.03015075376885
165,197.89743589743588,263.1752136752137
166,212.15,262.9727272727273
167,300.44444444444446,261.7936507936508
168,99.30841121495327,266.7897196261682
169,127.95094339622642,266.96603773584906
170,286.56272401433694,268.4695340501792
171,356.837962962963,266.8796296296296
172,311.06060606060606,269.38257575757575
173,341.6979166666667,267.703125
174,253.0430463576159,270.3907284768212
175,236.1951219512195,269.1170731707317
176,372.15450643776825,269.0901287553648
177,323.8218181818182,274.16
178,418.19924812030075,269.2481203007519
179,90.45833333333333,274.29583333333335
180,172.5326086956522,268.6304347826087
181,65.96470588235294,277.66470588235296
182,221.6368715083799,273.9441340782123
183,390.30252100840335,275.83193277310926
184,115.88805970149254,276.36567164179104
185,146.29739776951672,277.01486988847586
186,189.54744525547446,273.3430656934307
187,162.55172413793105,275.9396551724138
188,82.00636942675159,282.9267515923567
189,207.119341563786,279.1111111111111
190,270.38461538461536,277.40485829959516
191,295.0739130434783,280.2130434782609
192,179.82758620689654,279.94827586206895
193,403.54814814814813,281.01851851851853
194,343.70319634703196,280.310502283105
195,359.3763440860215,283.0179211469534
196,420.76881720430106,282.2795698924731
197,133.51821862348177,283.8502024291498
198,236.3240223463687,281.2960893854749
199,104.09642857142858,286.4321428571429
200,259.57377049180326,286.57377049180326
201,331.78761061946904,287.283185840708
202,196.35930735930737,287.73160173160176
203,246.4879518072289,287.26506024096386
204,306.6137184115523,288.2490974729242
205,279.3759689922481,289.0077519379845
206,222.1141304347826,287.05434782608694
207,162.6492537313433,290.89179104477614
208,77.32208588957056,294.8588957055215
209,180.30597014925374,294.1641791044776
210,319.07042253521126,294.47417840375584
211,126.0197628458498,294.59683794466406
212,413.1599326599327,300.2037037037037
213,146.1993769470405,297.2772585669782
214,212.41148325358853,296.46411483253587
215,232.38378378378377,295.5189189189189
216,346.46491228070175,296.6535087719298
217,292.97058823529414,299.2773109243698
218,264.28648648648647,298.8
219,68.51769911504425,305.5575221238938
220,111.61458333333333,300.02777777777777
221,248.80662983425415,299.09944751381215
222,381.13157894736844,299.7631578947368
223,100.06143344709898,306.28327645051195
224,199.3838383838384,304.05723905723903
225,330.2432432432432,302.64864864864865
226,278.293023255814,303.9116279069767
227,161.81666666666666,305.45
228,224.0928961748634,306.08196721311475
229,306.235807860262,306.2707423580786
230,392.58620689655174,306.11330049261085
231,238.965,308.71
232,136.48736462093862,310.6678700361011
233,183.3798449612403,309.21317829457365
234,340.7887323943662,310.77464788732397
235,87.51282051282051,313.56695156695156
236,355.8138528138528,310.9004329004329
237,256.3627450980392,310.78921568627453
238,317.4829268292683,312.6439024390244
239,122.36332179930795,316.15916955017303
240,213.08585858585857,315.3030303030303
241,366.7169811320755,314.1509433962264
242,375.05882352941177,311.9485294117647
243,172.63453815261045,316.90361445783134
244,272.718085106383,315.34574468085106
245,288.0593607305936,316.1324200913242
246,153.5,319.3525179856115
247,399.28057553956836,318.4424460431655
248,301.4682926829268,320.9512195121951
249,327.76973684210526,322.76973684210526
250,382.19723183391005,321.7923875432526
251,198.49553571428572,319.78125
252,226.95897435897436,319.66153846153844
253,66.18823529411765,325.0352941176471
254,79.10846560846561,329.16137566137564
255,243.1529411764706,320.52941176470586
256,416.3484848484849,319.6363636363636
257,109.92932862190813,325.095406360424
258,260.3081081081081,322.2918918918919
259,354.6212765957447,326.8595744680851
260,341.3669724770642,330.22477064220186
261,141.10596026490066,329.20529801324506
262,185.890625,330.6640625
263,313.9317073170732,329.61951219512196
264,409.35732009925556,332.4665012406948
265,170.15537848605578,330.6772908366534
266,365.1307189542484,333.4738562091503
267,95.58148148148148,330.7
268,219.90495867768595,332.0
269,275.29756097560977,330.7121951219512
270,234.63529411764705,331.75882352941176
271,289.4380530973451,331.12389380530976
272,203.6201550387597,333.06201550387595
273,248.87700534759358,332.6524064171123
274,125.75778546712803,335.7854671280277
275,262.7080745341615,334.0869565217391
276,382.8813559322034,337.22033898305085
277,161.32116788321167,339.45255474452557
278,301.7227272727273,339.05454545454546
279,112.03344481605352,344.1404682274248
280,71.78674351585015,345.5014409221902
281,138.71764705882353,346.9490196078431
282,238.42857142857142,343.09714285714284
283,152.9655172413793,347.8663793103448
284,179.83098591549296,348.09507042253523
285,196.99193548387098,345.85483870967744
286,286.2587064676617,345.5820895522388
287,311.9858490566038,345.9858490566038
288,98.65096952908587,350.74792243767314
289,218.79026217228466,346.5842696629214
290,256.73991031390136,345.9865470852018
291,273.13963963963965,347.2072072072072
292,337.54006968641113,350.0243902439024
293,410.27340823970036,349.62172284644197
294,352.0377358490566,348.49056603773585
295,87.66565349544074,359.1276595744681
296,321.49612403100775,355.2829457364341
297,230.12612612612614,353.4954954954955
298,208.79352226720647,357.73279352226723
299,126.58547008547009,357.0811965811966
300,240.89506172839506,354.8024691358025
301,294.10185185185185,355.7546296296296
302,358.7810218978102,359.492700729927
303,392.12048192771084,358.5863453815261
304,170.01481481481483,359.57037037037037
305,252.49773755656108,359.34841628959276
306,193.6468253968254,361.18650793650795
307,269.0444444444444,361.27777777777777
308,343.5416666666667,362.0324074074074
309,306.45525291828795,364.0350194552529
310,74.2,367.196875
311,117.47333333333333,366.2133333333333
312,140.20289855072463,363.280193236715
313,154.6986899563319,363.8034934497817
314,407.3780918727915,365.2650176678445
315,221.76354679802955,364.29556650246303
316,371.95340501792117,366.36559139784947
317,235.30350194552528,369.4591439688716
318,184.92592592592592,373.0037037037037
319,293.06140350877195,371.3859649122807
320,104.92666666666666,375.39
321,318.26724137931035,373.39224137931035
322,208.03553299492387,373.2233502538071
323,253.9265306122449,373.62857142857143
324,393.6125,373.9375
325,170.93355481727573,377.6578073089701
326,138.6549295774648,377.7323943661972
327,375.7086330935252,379.6726618705036
328,342.81081081081084,378.0315315315315
329,354.9621848739496,377.97478991596637
330,92.70287539936102,380.11182108626195
331,268.50471698113205,378.3490566037736
332,155.90625,379.19140625
333,198.60816326530613,382.45714285714286
334,222.7058823529412,380.03743315508024
335,117.825,385.57916666666665
336,329.7509727626459,384.6147859922179
337,240.67083333333332,383.3375
338,279.3259668508287,383.34806629834253
339,304.00456621004565,383.81278538812785
340,404.62248995983936,384.83935742971886
341,130.72764227642276,387.4308943089431
342,77.56880733944953,388.59938837920487
343,290.9724770642202,387.4403669724771
344,358.4899598393574,390.6907630522088
345,386.013201320132,390.52145214521454
346,258.3557692307692,389.0769230769231
347,213.93142857142857,388.1142857142857
348,314.5,388.9759036144578
349,186.2077922077922,392.9155844155844
350,95.74278846153847,400.68990384615387
351,157.59515570934255,395.9584775086505
352,231.60326086956522,394.08152173913044
353,172.8,399.65
354,271.4099099099099,397.77477477477476
355,339.3471074380165,395.78512396694214
356,146.0,399.8988764044944
357,368.43027888446215,398.7011952191235
358,112.36575875486382,399.2684824902724
359,246.21256038647343,397.52657004830917
360,319.3333333333333,400.5288888888889
361,284.7718446601942,400.90776699029124
362,398.25,402.49175824175825
363,199.4723926380368,400.58895705521473
364,215.01162790697674,397.2325581395349
365,302.2173913043478,401.0826086956522
366,131.76136363636363,408.5159090909091
367,257.88235294117646,405.048128342246
368,350.11583011583014,410.14285714285717
369,222.66558441558442,409.4577922077922
370,379.8086956521739,412.20579710144926
371,80.43980343980344,421.51597051597054
372,237.0,410.9656862745098
373,90.24285714285715,414.475
374,207.41106719367588,412.39130434782606
375,322.2857142857143,414.99708454810497
376,338.25,409.7916666666667
377,191.5089605734767,412.9964157706093
378,291.559585492228,414.6476683937824
379,112.84313725490196,417.0032679738562
380,248.79651162790697,414.4186046511628
381,266.35616438356163,414.7671232876712
382,362.2430278884462,414.7410358565737
383,164.8551724137931,416.6862068965517
384,279.85858585858585,416.1212121212121
385,304.6018099547511,415.158371040724
386,150.64802631578948,419.55263157894734
387,181.02281368821292,420.52471482889734
388,394.16722408026754,421.4882943143813
389,127.81227436823104,426.1335740072202
390,328.7613636363636,431.875
391,108.5014164305949,435.2917847025496
392,219.73333333333332,423.42
393,229.42441860465115,427.59302325581393
394,241.55113636363637,427.5681818181818
395,255.64285714285714,426.6868131868132
396,340.9641577060932,431.6559139784946
397,307.31088082901556,429.1088082901554
398,363.3,429.72857142857146
399,209.13333333333333,429.4952380952381
400,272.5361216730038,431.22433460076047
401,143.94849785407726,432.83261802575106
402,295.2642487046632,432.2849740932642
403,350.4913793103448,437.29741379310343
404,378.1489361702128,433.8723404255319
405,196.4235807860262,432.9170305676856
406,284.6363636363636,434.57070707070704
407,100.1141975308642,441.9598765432099
408,176.76344086021504,435.2939068100358
409,315.99481865284974,437.7098445595855
410,160.93037974683546,438.4525316455696
411,261.35754189944134,438.1340782122905
412,122.02830188679245,444.185534591195
413,245.66826923076923,440.3173076923077
414,392.07894736842104,441.780701754386
415,89.78333333333333,445.37
416,192.5891472868217,445.2751937984496
417,228.74429223744292,440.49771689497715
418,136.19555555555556,444.53333333333336
419,211.9646017699115,443.7212389380531
420,303.54368932038835,445.78155339805824
421,362.78443113772454,450.97005988023955
422,276.00921658986175,449.6036866359447
423,152.57429718875503,451.0240963855422
424,288.9672897196262,451.6355140186916
425,175.1864406779661,452.83389830508474
426,379.9761904761905,454.65608465608466
427,86.23412698412699,459.31349206349205
428,256.39230769230767,451.4923076923077
429,330.375,455.8482142857143
430,223.65258215962442,454.5868544600939
431,238.21052631578948,453.1684210526316
432,316.0576923076923,457.5769230769231
433,345.93951612903226,454.89112903225805
434,209.21926910299004,460.00996677740864
435,192.71785714285716,460.73214285714283
436,299.5314285714286,458.9714285714286
437,136.7588932806324,462.2687747035573
438,266.7171314741036,461.9721115537849
439,150.06106870229007,465.9389312977099
440,170.39518900343643,465.446735395189
441,112.415770609319,466.52329749103944
442,125.24924924924925,468.1261261261261
443,243.60106382978722,464.5744680851064
444,101.89189189189189,473.5567567567568
445,279.03139013452915,468.390134529148
446,349.08550185873605,468.62453531598516
447,227.9591836734694,467.265306122449
448,254.10596026490066,469.112582781457
449,367.6502057613169,469.8559670781893
450,292.65128205128207,471.85641025641024
451,304.8203125,473.73046875
452,332.295,471.705
453,383.831541218638,472.7956989247312
454,190.73270440251574,475.9874213836478
455,164.1484375,476.9453125
456,209.25142857142856,474.2457142857143
457,312.20071684587816,483.39784946236557
458,90.38513513513513,478.36486486486484
459,263.91964285714283,478.85267857142856
460,353.5655172413793,481.9896551724138
461,141.86759581881532,483.6620209059233
462,231.25327510917032,478.96069868995636
463,247.148,481.544
464,285.747311827957,481.9462365591398
465,323.39252336448595,480.98130841121497
466,179.05283018867925,486.13962264150945
467,155.77528089887642,488.35955056179773
468,336.1501976284585,486.47430830039525
469,120.81639344262295,490.9016393442623
470,272.3264462809917,489.3347107438017
471,367.2517985611511,488.63309352517985
472,204.25698324022346,487.1173184357542
473,383.2867647058824,486.11764705882354
474,133.20849420849422,493.13899613899616
475,99.12885154061625,496.2913165266107
476,296.38432835820896,495.7761194029851
477,198.88260869565218,500.3521739130435
478,257.2964824120603,494.80904522613065
479,321.5068493150685,493.06849315068496
480,114.42611683848797,501.3298969072165
481,169.5,499.0851851851852
482,188.56198347107437,501.05785123966945
483,283.6470588235294,498.46153846153845
484,380.6409090909091,497.67727272727274
485,349.81412639405204,499.5576208178439
486,308.7916666666667,502.89351851851853
487,334.2459677419355,502.88709677419354
488,147.9609756097561,503.5317073170732
489,268.57847533632287,505.37219730941706
490,179.60204081632654,507.0612244897959
491,320.84615384615387,505.42657342657344
492,360.3,505.45714285714286
493,374.2596685082873,506.878453038674
494,160.29565217391306,506.75652173913045
495,136.48314606741573,507.69662921348316
496,284.14516129032256,509.0
497,292.0,509.0
