Frame,Cell_92,Cell_94,Cell_95,Cell_96,Cell_97,Cell_98,Cell_99,Cell_100,Cell_101,Cell_102,Cell_105,Cell_106,Cell_112,Cell_113,Cell_114,Cell_115,Cell_116,Cell_118,Cell_119,Cell_120,Cell_121,Cell_123,Cell_125,Cell_126,Cell_127,Cell_129,Cell_133,Cell_135,Cell_136,Cell_140,Cell_142,Cell_143,Cell_144,Cell_145,Cell_146,Cell_148,Cell_150,Cell_151,Cell_152,Cell_153,Cell_156,Cell_160,Cell_162,Cell_163,Cell_164,Cell_165,Cell_166,Cell_167,Cell_170,Cell_172,Cell_173,Cell_174,Cell_175,Cell_177,Cell_180,Cell_182,Cell_185,Cell_186,Cell_187,Cell_189,Cell_190,Cell_191,Cell_192,Cell_194,Cell_198,Cell_200,Cell_201,Cell_202,Cell_203,Cell_204,Cell_205,Cell_206,Cell_207,Cell_209,Cell_210,Cell_213,Cell_214,Cell_215,Cell_216,Cell_217,Cell_218,Cell_221,Cell_224,Cell_225,Cell_226,Cell_227,Cell_228,Cell_229,Cell_231,Cell_233,Cell_234,Cell_237,Cell_238,Cell_240,Cell_243,Cell_244,Cell_245,Cell_246,Cell_248,Cell_249,Cell_251,Cell_252,Cell_255,Cell_258
0,,,,,,,,,,,,,,,,,,,,,,,,,,,,,,,,,,,,,,,,,,,,,,,,,,,,,,,,,,,,,,,,,,,,,,,,,,,,,,,,,,,,,,,,,,,,,,,,,,,,,,,,
1,3.164812300530742,1.490011078574661,1.1554359411993238,0.18973997608071907,4.136017897831558,3.4227294028168083,1.4007202328194457,4.628091959062871,0.2171045843687185,2.7443266010187637,0.45069769977106755,1.6520021473064574,2.1818706061251625,0.6492352299792283,1.7279579097710078,3.5375725924822907,0.5517285564183388,0.33323768390146025,5.573308590541014,1.540272992891718,-0.024016174429076723,0.601825872105197,0.9599322449424467,1.1702084016428476,2.790090447191092,0.8747964923705692,0.15381123906730962,4.648046351922385,0.17950423741069615,0.45981531210610005,2.7868843810177,3.7908265858759185,2.7668603214538434,3.7220022210208707,4.897590069340058,0.9514667846917746,3.9529565447450214,1.6409845238773717,1.7548222096746013,5.799078267035002,0.5286378072247688,0.5762622978019876,1.2498230037695413,2.326292065372777,8.874267881957977,6.828056216363569,1.3994740569841722,6.308493410766138,5.830055324332555,3.25746866028872,0.22110145652309798,2.0160417527493046,2.515374974496488,1.124187832250443,2.324272857110471,0.7065776449352718,1.1228784932717883,0.49466560881131294,2.2553925212087043,-0.15362391189042457,4.266058710479707,3.730353771043962,2.2165569553774445,3.7662936443987594,0.9939225748438008,1.92650025027932,2.96716559182114,2.2844704316426907,0.21494825603679563,-0.23747874983653713,6.625080315520376,0.8441762483915154,5.241390820907673,2.411643418855671,0.15940276653096525,2.372199873109718,1.491587206451261,0.03169588127198217,2.3924824692995434,1.323941593588721,5.271798695146635,0.09056465934305062,0.4441831000243535,3.7039798668311312,11.65472496473907,2.76423766717825,-0.1548381000895562,0.3113672817760723,6.476108592982344,1.5578549335812493,2.119867413921538,1.7309988362779032,0.09588693785849657,0.08986493506493522,-0.2851890079869683,1.0474859756591297,1.7636636451460408,1.852539543365661,0.10321934192020983,-0.043192118830700926,-0.13775991975644822,1.3854345792982776,4.250933388554125,0.2981847654652725
2,3.94201505827588,4.542969786178308,2.286678200117548,0.5090118417284768,6.808519328136834,2.799578990865659,2.357258509145979,5.631725278777068,1.1295330604350045,4.639616358584107,1.5824225989316476,3.3053401907277093,3.6017175137922672,1.8762296929346338,1.947850103031581,3.9049703248314143,0.028394966812741756,1.3330284893375568,7.394195223565308,2.227999215036413,-0.40883888099222615,1.642937308932535,1.1408015193377385,2.5038514911028,2.007718640769702,1.3439699987649194,1.5708973680075875,5.203941163904274,0.661661885391385,1.0576944155203603,2.5281463504708643,8.533574186283447,1.3501384318174163,7.068369626873819,3.3946910869279097,0.5392970261229344,4.30410410741451,4.249724103270865,2.8698389684507557,5.85131203135765,1.2895852563400554,1.0874879077477817,1.731855494537035,5.432333509343568,4.095622209618935,2.369199413046302,0.9380411077061168,8.682767478222022,7.490820728860015,5.587430314961529,0.41688816653122446,4.121919530502532,2.6933300748626174,3.09599730507974,0.12502550384257885,1.5836228480484444,2.0447258464472444,-0.3922294301582116,0.6292129071942999,-0.01403700352563092,6.235316727587897,2.406986963942458,0.08792320408686992,1.3255290751081246,0.8133672346165174,4.292533228011852,2.4612809572879164,1.598585394406615,0.03246454580298949,1.119000915391657,4.474032454305595,1.8250010377319332,5.039812510177021,2.1546669127464515,1.9173923171638063,1.6815402528044843,4.227336130332915,0.34684039054177684,0.7504030216660714,1.0718541518063187,7.83176596615133,0.18964331373547144,0.6533011088470397,2.144141563535815,5.3666367483010635,1.8030274062705545,0.20010105906614892,0.827774363279318,8.55729975593521,1.6261062342445427,1.3705460926602704,2.973043586682184,0.29099443977257033,0.2744467532467534,-0.3018332114941236,0.7085290966234246,2.1481572835090756,2.309308716487868,0.006172465564354908,-0.042471654054274964,0.30830293508030243,1.2633119135970072,1.855836830763995,0.3097946725860157
3,3.0613836333821167,4.620886494021211,2.9962510750349485,1.704714793457571,5.872692909323606,0.6839317342372354,3.3997327042927825,4.25244696010922,1.9433414838193992,4.943266010187638,2.5939578109669683,4.012299191366348,3.9934142381746462,1.8792266411641805,0.3397882582715649,3.9558488800017018,1.016145152610133,2.144460879690911,3.54937800727614,2.9183092756530455,-0.40933147794011543,2.277813141253821,1.8302547682733739,4.218127881625507,2.9455226838672477,1.367560041768187,4.3925264915884465,4.6438571718866415,2.19692718700615,1.0993724995889742,1.2180616740088106,7.651663628076572,0.6002563656172432,6.499492680484577,0.17461779843586564,0.30721369196632337,2.4698558105694812,4.952421414767339,1.942900300805952,2.4917960414980493,1.8504513524929986,1.4927031683552605,1.2606245575094235,6.967295581284532,0.6758655725102611,-0.011451560346975689,0.36305495753886696,5.932935001116819,5.626822150035529,8.04468520975739,0.17951365881102696,8.772271189586561,1.653324873267162,4.964878359421145,0.7194894697467752,2.1366962327504226,2.059428568487237,0.055299388621832375,-0.06695671117717908,0.4659667405073165,5.769054527640653,2.650430660535165,-0.19482457135013523,-0.15428382016647596,1.0878280956884387,5.558503055097355,0.9026618346860564,0.25724475313894024,-0.08610304988227577,3.6886241782279443,1.9127397503725274,2.8800755468847288,2.429720393589057,0.291786222031254,2.2688216175442872,1.0635915527326727,3.731199258976734,1.2577736423178505,-0.3956684817128655,1.9711324633910963,5.106592631669611,0.2444285986298334,-0.14974829757915603,1.9605228544203537,1.330683420951404,0.7470616092962068,0.5581274494499269,2.8504549610997016,7.566745380202223,0.31609693740725525,0.4792946740592236,3.3446657699457436,0.4427472292997627,0.7907194805194807,0.07424905627520305,0.833587237143648,1.8117613204250687,1.6950916538971248,-0.11331631675717965,0.00041899369976559355,1.5613130478052528,1.107159018915739,0.46018259765981406,0.31881973246100836
4,1.6244379595507201,3.573165403639806,2.8116107095064633,4.037703749038456,2.469302176378963,0.6006446889518042,1.9545457717727353,5.943907761910932,2.2451311515555323,2.22874522150493,2.1658944729096268,4.589045343337643,2.5761788623858606,0.7595923663099161,-0.3232954618783151,2.853272777553234,2.188411368237616,1.689068380704486,1.6220381997418134,2.8050455714970997,-0.3151558978118411,2.0269734913522344,1.1801802272586452,3.2688242890242227,2.0356311484270835,0.9483623951584836,3.860896611520712,2.7077056944712203,5.301606876622062,1.2755384446758378,0.410997388482946,2.5646415357391823,0.07803286421888525,2.6922234975486217,-0.31960155443644755,0.11956957718427136,0.20196441563595446,3.3150170719196708,0.19914567066152764,2.255690597387308,3.1254243652122224,2.0714468777915873,0.32200876370524845,5.061377773771041,0.7580186916892674,-0.03180752348560201,0.4799279107439636,1.5010330578512394,2.767716475484722,4.988537510591212,0.029388010251922187,6.945838093196839,0.7290439602077946,3.626573575014766,2.2491895445580465,2.0262212992255892,0.9237866120362734,0.8751715125775893,0.11039290565650875,1.418710804655081,2.4837622941553303,2.2837766575752596,0.5826445294549447,-0.2846576593572639,1.7197717864839301,3.702963856286868,0.06608563257650321,0.7218889679829443,0.017729836281005194,4.174257284496594,1.4269231295027955,2.0536528164044667,0.23937635209006947,-0.13805941096573834,1.8323996938401974,0.6700852674805307,2.0546940554677704,2.2338352042257714,-0.5946700225658212,4.442201988839004,1.8599785754274152,0.2131626907488506,-0.17749259381425506,1.1275831428554728,0.7109116553404283,0.3373751370313526,0.11238302207688729,4.580708749943786,4.087776157722907,0.12770189333667073,-0.17376675449077852,2.8745314885063555,2.334856224818947,0.7636025974025976,0.7366867232750379,1.0663150302895632,3.1495961028550292,0.9774848832713664,0.20336063735209423,0.05324285794580677,2.9158637740329048,0.564726822940236,-0.02163042118838149,0.4554880542087739
5,1.5535811894979983,2.277440277120403,1.8464700667102765,4.637917675000982,2.449018297986329,0.6648381016260954,0.6056481048524985,7.2074181107933315,1.182865084386743,0.6253886833564084,0.19611223154911167,3.877310436958353,1.1034566985241723,0.5532963384845918,-0.01180539722008297,4.496583101108298,4.473693652136029,0.7413114833005351,0.43626628330008177,1.3076621167851377,-0.18903615197196336,0.34275723439004985,0.3854438605750822,0.8562866249065686,1.1794025440524665,0.31397999169127483,2.0691923629740403,1.2118557963349883,6.851071382555489,0.614429769277142,0.376638792898784,4.617841439219261,-0.2885432929363269,0.6999677765557133,-0.39495431591634855,0.4224640244059062,-0.3470136913817053,2.1898946670328012,-0.30219661994041647,2.2260519996521757,3.498302539151113,2.045834265405862,-0.3368573123361589,1.7211070614447437,0.8845625569499809,0.13153853853640657,1.0886669798949513,0.05734867098503457,0.993571718607248,1.003948723687546,0.015705444770894413,1.951748794106534,0.34956515110410574,0.09508361636148835,3.2272313028496296,2.4933136657415136,-0.08544899569039283,1.3675876230923605,0.40294999615552207,2.093142179651181,0.45124166258431625,1.93791003475904,1.4746540066005813,-0.3063337382684879,1.8453512348645755,1.0065621759305214,-0.1171441720987854,1.4321335883745403,0.20390954388654634,1.6668687661233759,1.4319539569918933,1.4562367689178533,0.45432203586964104,0.694605373575068,0.7780563289664886,0.43749956425040615,2.9469786955811035,2.874434650085661,-0.5593177506769322,5.997398565014896,1.6204055596227556,0.4561204782759062,0.3075516891652358,1.2739782884468116,1.1423259392229772,0.5799114229335669,-0.005319979295215358,5.88636465844189,1.7243335763415633,1.3127268338905478,-0.3309502502237266,1.9596475584505875,3.7285328781393945,0.8152883116883117,1.1818681488119318,0.573370041107937,4.565661548580708,0.24990185393630876,1.3845003986725108,0.7649854118656974,2.3105343170482286,1.027815488581169,0.09864292172657928,0.41299141304982784
6,3.4351868178371796,0.47950463687761036,0.8277354035988351,2.0778808415544163,1.234947070437161,1.6571006364544203,0.7649682106541414,6.835557902918814,0.921966658006516,1.277160820069193,-0.07650168974163293,2.7970533155213855,0.45267287165661485,0.5267441081337905,0.9360920272054999,5.379850135080516,3.1347479562286975,0.620265584532191,0.26205697688064755,0.8701103309929789,0.22201361027122704,-0.2543657607102475,-0.23713747572844512,0.13545252106781985,3.26899210839249,0.04417098009274353,1.6765320314000238,0.4693236349994528,5.985677210014121,0.08600043842823503,0.586575747184046,5.6615234060807555,-0.5400202733817797,0.5716439016465914,-0.2842318908846572,1.0614000596711763,-0.2953237647992594,2.717704539213603,-0.39048453874735906,1.1809151778248972,2.2121434941097324,0.8898401378331571,-0.43940031763647847,0.21303591896660537,0.4116015342560015,0.28524331104925416,1.1168533179991722,-0.06226267589903967,0.09281798802152064,0.007123232609286379,0.5781083953241232,0.24658339391341436,0.25853947271068134,-0.22670093768458363,1.8966244247466617,4.5180016691574645,-0.261036210222352,0.4092033415783825,0.5397019248020095,1.5669838694580513,0.10616874552511579,0.6888640655034958,0.9733798437583924,-0.1397643383189138,2.0432086324243035,1.1864211324452816,-0.31785420694925254,0.6509029937644386,0.7919180857471387,2.538927921823175,0.9465337872014656,1.2973330289319664,1.1357126241596684,0.9115006733550379,-0.10107710568059566,0.6594808653638334,2.341633520405383,2.0882295767748422,-0.49933642408479534,4.44878949355935,2.635260109383748,1.9721847665160233,1.2901899251212272,0.8627565605251931,2.1539171688678036,1.5100863845647883,-0.07730607751148179,5.185754545863377,1.184958318805667,1.9744962723258186,-0.2505886881877403,1.394758716580773,3.4203280910722573,1.2132285714285718,1.3512161850843412,0.32091495760214367,4.548066843435901,-0.10890823585150942,2.247799114897909,1.366067641934116,2.5335569286467132,1.481732886837421,0.40388404454021526,0.45380133185349625
7,1.7194690811630486,0.3293119320930185,-0.013262361656699423,0.2282971830274172,0.012259287063095523,2.2330761664213776,1.346807456363801,5.113747022890114,1.122205081477927,1.7863514183902753,0.4381677204840294,1.199901581787386,0.6514302820160586,0.7203031059835412,1.3607765870950261,3.4131522687145015,0.8583583198790394,1.063411870773298,0.6107264405586195,0.4169901007369934,0.40273698142561226,-0.05400561162527745,-0.45455685609366253,-0.18525229325720985,4.426528773737882,0.041408890336054306,0.9179735462358956,0.305726775842395,2.3003920558081314,-0.14407847865402504,0.5073333509193069,2.952490750174272,-0.44935866476475006,1.1575140544815885,-0.3019790663683405,2.896442847065937,-0.18789271777233962,3.63665048417933,-0.32563002456413453,0.10624009203951795,0.545346454105978,-0.16598347602067506,-0.4130422303438511,0.28163097093255385,0.24923058728029746,0.3290028815252277,0.5224914271288419,-0.00890663390663403,0.005750685209623344,0.06072904081870346,1.4260223791960993,0.13090379588526832,0.41458061015611486,-0.20057774660366212,0.09992972274489358,4.706674688973857,-0.2708052106482941,-0.4608064591403369,-0.14361944793295223,0.5450875167701477,0.035919659343558036,0.25360490368967487,-0.24614617960026497,0.034374234134799286,1.4842405544100088,0.8168377788713564,-0.3131650244879528,0.04612302026045217,0.707402945846794,2.589595444440482,0.15685792013561364,2.7300444149267364,0.7681779059759473,-0.006984436414809967,-0.1603567427259317,1.1394886739965557,1.9210319838718461,0.5762823885564106,-0.48460631079775823,1.8344941887299118,1.7015067180569319,2.0789924652503875,1.3464276135897728,0.48981065234039345,1.3492755481471983,2.3085349704012272,0.050786288831741015,1.524382017418939,1.1870740752480264,0.5902016698550052,-0.27412121727218647,1.3252527695074587,1.667433132930855,1.1183896103896105,1.161003713223757,0.37308042128573865,2.2218042794598265,-0.2116543142923763,1.985731289816087,1.8959924785521214,1.8450590268118472,1.1537092346215345,0.3799696148964919,0.5027600911268181
8,0.28023557209105493,0.43412148983423765,-0.12454466666445296,-0.007973093616471754,-0.023620706190493453,2.1421759225295283,1.6154710476177176,1.5874159184446286,1.8939587370765898,0.4753950060470862,1.9886760056688109,0.09775026455679418,0.7388835425742137,0.396322037924796,0.7355663295375843,1.762447084600821,0.18918018502857434,0.6082193099541439,2.476937859406172,0.08145087436221696,0.10068548928808978,0.5142468277566062,-0.42831334250569786,-0.2028462340544226,2.5830060178011602,0.4272256717155274,0.3031504768776874,-0.05255753609520489,0.048327254846793136,0.01142653586891033,0.3052177583159672,0.6799091104080646,-0.3123996158727662,1.8646375661446108,-0.31301390264683676,4.510676596055775,-0.14258548845823157,3.6321972778189386,0.16283234147757397,-0.05116353736764316,0.022121747837106336,-0.5582524343759213,-0.4789135301658981,0.18825453655646718,0.1120910017014436,0.025292678199866605,-0.0653445628011025,0.0056957784230510546,0.018518424525428945,0.07807693273923579,2.4132824904669623,0.33678842342272675,1.5248073503924737,-0.20491084613112823,-0.2001586905760468,2.3894183180327238,-0.31729337627927384,-0.6403136229990198,-0.39490991106440776,-0.18594427630963145,0.019730941704035884,-0.12172468345458358,-0.5163164459510268,0.30113599297563853,1.6479124354661168,0.22854198039584245,-0.28970608667461695,-0.12648683707624414,0.24082023763894195,1.128784906737045,-0.16396669810933848,2.9175646506994317,0.4328944613738397,-0.461538017885002,-0.31906066623035206,1.256869156597946,1.761379610962785,0.23083641980908326,-0.5245836856151158,0.6334284395585951,0.41067083674260396,0.8099603250162234,0.8348320391132923,0.2676004466243038,0.570303885113476,1.5595281736461297,0.14623164709845476,0.8665622329820565,1.048123553836888,-0.13019147909105536,-0.23548527404622524,0.7513186331555007,0.5363699120153628,0.6611194805194807,0.6029535275625687,0.723799104023983,0.5980966475509243,-0.20889207061748966,1.588378409796047,1.8019794897474288,0.7936667149904204,0.5309982803873654,0.359948661066677,0.3855876511478474
9,-0.10509935993511187,0.3404763266983247,-0.11945423090588506,0.17195211651946377,0.027022021740640268,0.8340262816299583,1.4325130681778524,0.044889336216604216,2.117020178979204,0.14829789924549214,2.820059549765617,-0.24804474789202993,0.3320134874051437,0.17911638758093895,-0.15202471037155885,0.7440623072177667,0.31885395043694414,0.36631078907078746,4.278852247388802,0.09250577820417775,-0.34493562238877995,2.334913522341807,-0.5266358150725887,-0.0925834127148154,0.07135598717163331,1.5248981058351958,0.265494887894464,-0.13620045539096415,-0.019852591223314113,0.6127171589850392,0.3243029359782637,0.10265966003539066,0.1023061673761416,1.5959819229140646,-0.19385429582782057,5.777185456830275,-0.16613201931344684,2.670397964840653,0.535271411304123,-0.15187858275195487,-0.030914125690326866,-0.5991979485021904,-0.48842348979162287,0.23631048205339558,-0.1273287334324274,-0.18509060937975869,-0.21449358700149374,0.04531494304221566,0.11803370216221708,0.046073771933230215,1.8606238669750574,0.4863943398686167,2.1515345827625403,-0.2527964412285883,-0.27968987327424,0.41748345399142145,-0.3956885913156719,-0.6781864003360246,-0.3311992208524489,-0.1304951483573055,0.02160756679353356,-0.16496651678130153,-0.5302546535291625,0.20713226569153098,0.9501093006309977,-0.0272561571880855,-0.23878938044900355,-0.4021879256935603,-0.2051141652521492,-0.096353888036901,-0.2549863976267618,1.9618073139346646,0.21578194421828822,-0.5074847666038972,-0.3551786486816272,0.6739407798871931,0.8981093009317276,-0.19993883205511342,-0.5593559115921836,0.3021021273024795,0.12037326127212455,-0.15977244201273805,0.07725553421642405,0.29777389352336314,0.27306064880112835,0.18595571146678333,-0.0800050940342283,1.5884663238843337,0.522274874005515,-0.18034076484365222,-0.15299393563675817,0.26938466304955666,0.20159652579920417,0.18549870129870147,0.03492824789169798,0.5732175105123709,0.16801299048323803,-0.20939490623791812,0.989799877860496,0.8149120879682384,0.139462352530924,0.08948019428605913,0.14770809797863207,0.2556443133360594
10,-0.1781910673037928,0.10267706214924348,0.04090943805972379,0.28315150562327673,0.034552206969307234,-0.2219041530484983,1.3480741448980014,0.0691586363591068,1.4123818604240654,0.18640913320774408,2.431354246157201,-0.3456453797431253,0.006910825919913101,0.28289485706628004,-0.2907340408598726,0.46126273692271685,1.990210399528459,0.43450636562396455,4.354701619528223,0.2952553312110243,-0.4135558699477714,3.534209975292098,-0.45486591948973176,0.11931308729994726,-0.029786314006702452,2.230567126640693,0.45963851565636854,0.15093032101415674,0.011740638385708204,1.8334246725489127,0.38746735603682503,0.1896683468282482,0.4686927880673459,1.2067919563891631,0.08663004551090674,5.543323842586648,-0.19214233745618114,1.1411529115524304,0.4910819627624473,0.06708985224179095,0.08488868724479424,-0.41153656415597195,-0.4389123820822411,0.3853696858861258,-0.0748823369718604,-0.1819087921659998,-0.3536202410922786,0.073570471297744,0.13632879910668974,0.04451163948540981,0.9352728636619364,0.4401384098336387,1.7182797965099983,-0.30486285440047256,-0.1913853687288885,-0.21902839508568978,-0.4565494060617603,-0.6391655388061791,-0.007040520798626134,-0.3261489501107609,0.07718280137166973,-0.14676480094354066,-0.3447341565161344,0.2864736965525266,0.5461620750065889,-0.0624219857182384,-0.3226606189720848,-0.585534281333496,0.1838525981492635,-0.3377200803642545,-0.15502604273469214,0.26642937196463407,0.05838819232826987,-0.5698948297291297,-0.32599363276353605,0.10936966206747493,0.10476761292431741,-0.1586737960152713,-0.5673544394288754,0.19859019007258832,0.1550374660867321,0.695073851426706,-0.4552684877200662,0.2677319786508908,0.22661879728170278,0.06218548563911403,-0.2708588377385772,2.179166229444303,0.47957938444958603,-0.3596311658591529,-0.1435449277825829,1.5194375595085168,0.4276555420280395,0.015901298701298847,-0.2214202400625461,0.17107906922441019,-0.045343363959630664,0.09541063791589156,-0.009550130407661018,0.039676659496083524,-0.18615877095716285,-0.03279331462877484,0.016972192094542385,0.3324668496991648
11,-0.2166346340345248,0.10974550485532845,0.9161256902637528,0.5370580407526149,0.17036341328712262,-0.2945057709093467,1.0716115209335106,-0.06382923596647695,0.38266097002800653,0.15058865871412677,1.0566029379701298,-0.307576968287122,-0.1519628729054486,0.476070099350052,-0.37471230743419087,0.496537896998447,4.941621178339868,0.24898040791088705,2.0525114423189756,0.3638415245737211,-0.43499130077107173,3.7452112735039154,-0.29883593586113333,0.532211270253933,0.0026233288890489684,2.1987020423744994,0.459010049637177,0.7971426040651719,0.01114900487243065,2.9106976489285925,0.2798543881400196,0.31721540028955975,1.2806669998764504,1.241617244069954,0.25651664923351875,1.9790103673729074,0.1870328725444802,1.603866699135264,0.06668130020953889,0.1885338559608295,0.012562774761808003,-0.2760870434758134,-0.4232410401637934,0.9049441704122505,-0.004147436948475597,-0.20901174120368102,-0.3315306344275286,0.15409314272950622,0.17355852197746424,0.06958797614779053,0.6520347565168467,0.4682777653794229,0.7859677994336537,-0.36223143089190785,-0.19158939946952014,-0.1627234438988412,-0.42648381613200853,-0.618318009987399,0.17330778891252543,-0.4168200680165985,0.027214832121189275,-0.22612087980630194,-0.3601941979338868,0.8832005980580744,0.1783538239717213,-0.10344244948476268,-0.31993828804316354,-0.6446451592210849,-0.01602693971417632,-0.3751916972787902,-0.030786476916977692,-0.14626831596861897,-0.045954779129544814,-0.5599805058669843,-0.3906088808528104,-0.17126702037913705,-0.13249604969214848,-0.1774051832057705,-0.5311931561366569,0.3916837997734231,0.10225388656819279,0.722877427226909,-0.5798311297169156,0.22251126791027775,0.26367483010642395,0.20072352554264392,-0.37545497120227406,2.5968609932692743,0.3748613268249388,-0.34816655641571165,-0.22795606461321571,2.030955763447036,0.12844250875453414,0.18061298701298711,-0.2939723149873112,-0.08515538348263126,-0.04937205812830137,0.6008006632960536,-0.1788443245243354,-0.04668713944825677,-0.1615097385423727,-0.001659275349201971,0.027877614871888536,0.09774957649395423
12,-0.2478311850898384,0.1116881563275305,1.7801648995693216,0.44917995047698195,0.23166150213470993,-0.24567350232588078,0.8778500492019511,-0.015129199095157857,-0.2598069988103689,-0.032715871250563376,0.12990570151531683,-0.1836394376278434,-0.11259155053736582,0.5148111374393146,-0.44761736781198774,0.44183028781722644,4.864329463622152,0.19711311501813347,1.0497814223682662,0.05626662596485091,-0.43234918986875687,2.022086352024792,0.032083617325765715,0.9410256450101556,0.06863176101762088,0.9661924704984114,0.60672575023131,1.6183313099524286,0.04510876853456318,2.389981914835316,0.23522118758078556,0.433783312778165,1.2023505329484576,0.683837412750364,0.16911077091458224,0.12234369412001808,0.1959124280706393,2.321159336189879,-0.11751071882947059,0.23771747346171587,0.17573804346125574,-0.028520678677192893,-0.3013910946977671,1.1773307404020763,0.05229049798810323,-0.13249478748485238,-0.26119732680696495,0.149318740227831,0.18408790985686743,0.16091106122234572,0.11974245170969555,0.5390735998267667,0.8978177961826567,-0.36141464855286476,-0.04056584525401833,0.27308192457737335,-0.24554015501202542,-0.5372380641247024,0.6605838480662277,-0.296758291472965,0.24200927007574324,-0.049666301876307675,-0.353883063481359,1.284985603938156,0.24351560440923392,-0.09578200143197804,-0.19417701953247105,-0.6079935283442308,-0.0876800087608828,-0.43125646421056385,0.0805342520061791,0.15413017309368643,-0.06523645583753991,-0.5771359196703301,-0.42420880985923315,-0.30988419518793003,-0.112946112352204,-0.1137931123857313,-0.4967949071290526,0.43955859522510793,0.07865994143232434,0.3810857966666796,-0.5985955220705876,0.28567294707735863,0.2876266187972817,0.11693137469853077,-0.38101938197862134,2.0979253174234365,0.20607626232210183,-0.43804641267230426,-0.33897440768719295,1.1207134976649993,-0.1268735958229262,0.10117922077922085,-0.3477333372031643,-0.14223572191224404,0.012846601303159342,0.37344521363809385,-0.1722134265042723,-0.22441200365853034,-0.3309497968443282,0.008296376746010189,-0.02203637601258049,-0.07173316198376076
13,-0.30422037275404235,0.7073331842320155,0.7533612482691521,0.6504809123015849,0.27691702245165917,-0.3343099986675031,-0.04703148226985016,0.08058475919042547,-0.24816054675797536,-0.1011906112907043,-0.24324444020494923,-0.08213755719208818,-0.04373305810015643,3.9766700981317804,-0.5742623239966789,1.5612302963262354,1.9085620563286434,0.09899345943013936,0.47558385166060285,0.23553268501155622,-0.45900913377573066,0.6357594539134804,0.22585964789168766,1.872287756189814,-0.008792475946812778,0.15138722028227228,1.4724638777517205,1.8736993481760915,0.12706184279377222,1.017167205568039,-0.038816639848057125,1.2003726741380234,0.7347893477699283,1.4556501545926397,0.05142663184655137,0.04032941650678604,0.08671208413254823,2.679211116695249,-0.19449133756839607,0.14486859619668085,0.1367668455388852,-0.016801008564203513,-0.2771760968982607,1.6282174456192773,-0.009396914822988036,-0.12064922701435236,-0.2777329752245778,0.13918360509269595,0.07397472337833731,0.05869415776167421,-0.11787960242545485,0.5657214700962728,0.8683772143214271,-0.31455349232132307,-0.19681258642968882,0.26716223822370616,0.020336481358279077,-0.48514024361786523,1.108600097393444,-0.32364980811831146,0.3011568753061763,0.04579914605034102,-0.11403309839401775,1.2411573975305419,0.0368676454628609,-0.14623070895577558,-0.0868859197165649,-0.5872101051911339,-0.1531730821880306,-0.4708917341322206,0.28897182463191573,0.2763106554314889,-0.25882783967991824,-0.5981584388544603,-0.39989350963405035,-0.4026117087658875,-0.17001035253092145,-0.23131332243023356,-0.4834233224249651,0.45686652960181257,0.03871495628956559,-0.09879692703455725,-0.5767422647360747,0.2636281794213762,0.22879856391845105,-0.3108221881166412,-0.3040789246658065,1.3639014225966513,0.08281562014643867,-0.4358607619830868,-0.3665865084166163,0.3088643130261311,-0.18785033825762815,0.09750909090909095,-0.36211641056246185,-0.0944258541242578,0.10184785513144654,-0.07121567774419754,-0.16776335716636348,-0.33826076737163197,-0.30201627596258945,-0.006094065827978336,-0.24082757376383682,-0.1065409778608563
14,-0.21590728757075106,0.539984292349542,-0.23744076930995214,0.582513096648493,0.12662583544709854,0.021260062971707717,-0.2749516704236952,0.1592043767252291,-0.16471108868035472,-0.03683048379932102,-0.23186934481630858,0.10173481382297693,0.013456184298485952,5.999701523448683,-0.5853122996906901,1.849534131762003,0.33889444145460124,-0.033482237900501005,0.5711712240347373,0.5084710653700228,-0.10477221952242972,0.026525398886050607,0.5716612754762678,1.9759913102528766,0.09725775647724406,0.09839102657669298,2.8614785245014454,2.166488643883224,0.07109331243771407,-0.02747026908532879,-0.10006858529636758,4.594958174701056,0.05406281940404136,5.28926000591207,0.15610171722279567,0.06782162665207167,0.17067927773000827,3.6052682027076735,-0.08330288689956136,0.0463207603962514,-0.03973779314444846,0.032210945173395046,-0.33863684200455413,2.3692016433345784,0.014770036313592394,-0.04635571183043947,-0.3254970161499569,0.16850011168192974,0.20510100497411438,0.008171505699271117,-0.03254360192536109,0.4063910696490481,0.7170175127853868,-0.24626218251624335,-0.13560336424021224,0.19197251712827304,0.16526165839446866,-0.4730573575395528,0.9456211395032934,-0.3792393373061682,0.2829558729321324,-0.013586078239026526,0.08033193881631165,0.688084151284714,0.42602440272243836,0.07189247071098337,-0.0911452604522455,-0.5484977722501031,-0.17372282757487825,-0.20916104949059047,0.331925248465461,0.14602341123241055,-0.31687175789155375,-0.5433960740661705,-0.44935606606839795,-0.19377261540392252,-0.13785757096932383,-0.15288875987175474,-0.38978406858110093,0.4171526874501739,0.1205186038499635,-0.21571183760069332,-0.47767663097928115,0.5228514974190496,0.62769585844339,-0.32076737557553175,-0.0865862576102404,0.5841865415461184,8.716599575242433e-05,-0.06428673591618538,-0.2115027922068183,0.00033815950549391527,-0.14429229475481037,0.1751428571428572,-0.3870786343608339,-0.17116569153794148,0.036936548066843544,-0.37116047756719944,-0.18930640806710136,-0.2927948412678136,-0.14789811263091482,-0.061574199776752055,-0.26492652832765057,-0.02128482972136221
15,-0.02591116675189112,0.41993779354321953,-0.5807313890281685,0.20727516718229735,0.13937952861106614,0.013309997170315556,-0.3286132028725566,0.2854119124256346,-0.07243449259184229,0.2159701439303792,-0.18790199498528284,0.03626047814591206,-0.050675104865309545,3.7502360401298676,-0.5047334299836955,1.1994086238805335,-0.09379564849696323,-0.010389379580759278,0.4953614599225441,0.29545157210762707,0.03928999696480679,-0.030788558984882138,0.4341079079170248,1.3116731958907075,0.12408922201001764,0.015393597790328372,2.8003340180509397,2.488195786852019,-0.005085418731905933,-0.3298213404943276,0.16252077343111138,4.020242372245161,-0.3172012062942954,7.18621955084247,0.20614293334072234,0.047815975673128334,0.23983067663205218,7.287090623656135,0.7067134747491962,0.20763740710764458,-0.05787011686665927,0.24821819830256608,-0.4055031476626931,3.066464898837045,0.1136876170918484,0.20464366415855414,-0.23078940540388923,0.19360062541880718,0.2726626738402193,-0.016617069722721575,0.20012752391073307,0.19899507036496103,0.5759892560149051,-0.34480212640283525,-0.08443245448980986,0.04000155270461755,0.18697119164690304,-0.4479255145377327,0.5138785657533895,-0.3736232878849334,0.22272299054150804,-0.06434675119218405,0.6451023806255631,0.1582103394226411,0.16188896296181443,-0.15486059336263472,-0.08744601651055345,-0.5087911706088469,-0.17485626676887708,0.04018212727510492,0.2747405979575935,0.00878751400938107,-0.2437542161948406,-0.4517102064474827,-0.3673584842871247,0.5378335227391569,-0.15137579687244593,-0.000471718897007181,-0.3475246710317101,0.4618386271136658,0.16094806425218564,-0.19525260257790256,-0.3020089953173793,0.9483576034280173,0.6719066546993205,0.2304249068186799,-0.1483123957571622,0.12232982056394198,-0.04916954578592045,0.8702331360735165,-0.06693297203793612,-0.11878088775371397,-0.13934457093369143,0.4342025974025975,-0.40882466581893184,-0.06491965780419968,-0.08904236295245721,-0.40076073442308374,-0.11977039083004108,-0.16301920728435865,-0.0028073488674609,0.05327782303074187,-0.24955560248411549,0.17043197616683223
16,0.6018152804471637,0.2483291116855558,-0.6166732524663544,-0.011459918360013319,0.5451017418307248,-0.11755617073327754,-0.08893688890129617,0.20874747132507565,-0.13800591956502026,0.7373148991774018,-0.19665049602093088,-0.19981365329022252,-0.023981282185018386,0.9867025650709337,-0.3990888480682115,0.3542406773171094,-0.14894543963506837,-0.10972532568631549,0.1525803896256305,0.05924294622999432,-0.14662803291277368,0.006888898195066809,0.05077523401847386,0.06667112135343772,-0.05246657778098097,0.009386613969886576,1.3985405622443214,1.1927700171422915,0.04572406738837184,-0.3258480846166491,0.41222401012952065,2.4273419486299534,-0.4533010232161108,4.33915041957055,0.18166263741592262,-0.035941016425380355,0.3754547258416559,9.29826120296155,1.3786010429287496,0.31942930147624415,0.018789405341134956,0.47495848265011775,-0.13423011423432393,2.9189356961634063,0.05299204111419026,-0.003209503708925482,-0.04397444618200448,0.08272838954657125,0.13189777687544418,0.17359311017373008,0.0065012189785584335,0.2686573760023334,0.5709446052504723,-0.32046478145304197,0.06279612794994434,-0.13114531374337662,0.016943100060352517,-0.41139683576795627,0.6654740241433221,-0.42773392405853167,0.2779816859479217,-0.15537234133036962,1.9461628899326215,-0.08333671269057369,0.08793662113765664,-0.22059217988007718,-0.1442372263196285,-0.5210752000342114,-0.06520834474073278,0.14479831663040765,0.2527580691465366,-0.2127474990660412,-0.16059805996882942,-0.426647557033316,-0.49790901729359177,0.84998361581527,-0.12618645453059454,0.1115200493490537,-0.3105085832378605,0.5126715058951871,0.05753682011971941,-0.20967898624781908,-0.22285451815864188,1.0730499646325,0.5993588921656623,0.5470607322955489,-0.17134646827320435,-0.03264177247447867,-0.01603061903705362,1.0824557953265515,0.007024262452442456,-0.05529380204633714,0.05027299085009978,0.5400987012987014,-0.3677161769214165,-0.15011646934982423,-0.035271628537953896,-0.33627709445934745,-0.17452687314682772,-0.27947390742283096,0.07378449434416187,-0.05750143301052878,-0.19812850725490475,0.13825281850575383
17,0.7585518311498245,0.08687839053796112,-0.5655397754629706,-0.10368390614208957,0.5145791926133414,-0.19887591160005924,0.1294988379964684,0.22320501449939714,0.006841933194190799,0.727699545738993,0.0065068679821215876,-0.052899017977521015,0.022943648210861978,-0.039788751697966133,-0.39973155863766,0.13002563338935097,0.1677301965608261,-0.04356245383372164,-0.07002992606501607,0.10742008634599434,-0.40610720700847686,0.08378910339628964,0.1639797809830458,-0.35646455338398186,-0.010003243126373865,0.1970290693104882,0.187826962356049,0.5399300761242789,0.08896064453869666,-0.2795939058475364,0.2544250705637184,0.3769169928682503,-0.4822369233879572,0.8979661946775391,0.0656617784581709,0.008000284524813878,0.19310139559494655,4.886369406290963,0.9334703302511435,0.31226546979618847,0.10624383985982264,0.5392766722121893,-0.0632020053194544,1.1713730086159158,-0.0022121455661668825,-0.002404465618697438,0.028050294177460033,-0.02295063658700025,0.029139173687950458,0.06995795488543217,-0.17107957742076646,0.14681297216557038,0.21348065208276812,-0.3429885927347903,-0.07920926752964118,-0.10304136016924467,-0.14607818031375588,-0.318668035655948,1.1959658610349337,-0.36306511497301175,0.31008780193691826,-0.1288862931440204,1.7746432642440664,-0.31871100148280324,0.1727725151548037,-0.10739622912490951,-0.19472409081962264,-0.42753375925333625,0.07425395608607556,0.3570978518016574,0.15121190993725148,-0.2773214063343157,-0.08532415269022324,-0.5168886671607488,-0.5455745488025381,0.5506619907830245,0.093521495123413,0.47483431521708136,-0.3860137701542635,0.19527545839801944,0.07003628181387556,-0.0829891078374609,0.02276573641068962,0.8134057441497481,0.430901397615079,0.5153545275158954,-0.04171972952321448,-0.13002743258031144,0.16773114837237285,0.09596302719324908,0.02700216477269868,0.01424614989345163,0.07329459164334215,1.159018181818182,-0.34343147587492945,-0.23466926282528094,-0.12513617397381335,-0.256312821861356,-0.07833464586911416,-0.2023228601940656,0.3380298797522168,-0.04166289558632757,0.01442574819729406,0.06986389391903737
18,0.46499479837074387,-0.019803602357187696,-0.4825885845400843,-0.11990522125334789,0.2966800382296625,-0.30286007734470793,0.2792821400406176,0.010772404308961729,0.12197511097630542,0.4446083660546085,0.2614091627602749,0.08711554421569326,0.04173676052509794,-0.2313558754195423,-0.4357775550326301,-0.08090737943798007,-0.051587606673329865,0.05147482167551899,-0.08172749677267947,0.045473376651694195,-0.4802803656164013,0.273746806817706,0.4610165796834866,-0.40386190263815863,-0.015948974811718534,0.7188170171676231,0.05917473101072446,0.13648702865211554,0.08706741729620845,-0.2108976818107084,0.19778944314015134,0.17478819239637514,-0.45381908955106526,0.16555660008042541,0.45836479381550427,0.1674408771267735,0.3425821813612008,0.88582797515116,0.06816294642534805,0.27740951565541355,-0.06994790281449965,0.5513296662760603,0.30007079849218343,0.15160405424549572,-0.030273870609643653,0.32923289240815,-0.14705086219591743,-0.05894013848559307,-0.018756978986904795,-0.0303885005127175,-0.2531299618678503,0.041335133427167985,0.3777143023696405,-0.19155160956881284,-0.11209902291945319,-0.11693806649457511,-0.20012906945171868,-0.10173612731600302,1.296606607376272,-0.135343671024305,0.2956174398010325,-0.17032496583634332,0.6406263987443379,-0.2809762169653137,0.4763957147951194,0.16727740452952758,-0.32213959869860703,-0.33170710412113685,0.14654766467721597,0.42660817670625445,0.19756934476206098,-0.05403055082810999,-0.07528553816092498,-0.5921198716155619,-0.5108875306437122,-0.004343551951809602,0.19086252928676498,0.9310823875196655,-0.44000383305193197,0.04065791129945857,0.09912902114465375,0.06381027508247802,0.1653529228616084,0.5486843874407378,0.17417617643287603,0.5550721333040998,0.69718225961499,-0.09258870617158105,0.3878649085549459,-0.37454186258559347,-0.17337679543647924,0.13447035531307158,-0.024552859814491738,1.265825974025974,-0.25150061766130394,-0.25376948295894297,-0.1399560132371379,-0.09891186371739308,0.016163018581249796,-0.21263930263097378,0.43008467105237397,0.0306815096388813,0.27217015657964616,0.02447572872247219
19,0.15235483927847215,-0.09676068718370152,-0.4030542614551408,-0.09782199787758507,0.12585198241964662,-0.28724291418570214,0.30501371373536995,-0.062663305065322,0.35973726180960675,0.2682198869697451,0.5548518750681349,0.028666232680400076,-0.144789424581457,-0.19700061522717724,-0.4735116346100071,-0.12338594737177988,-0.12652161656543914,0.210958833101615,-0.09679174979462518,0.07471327024551903,-0.3801936221134564,0.43563800829180443,0.35830675064630857,-0.31787816017292453,0.0910958163669777,0.7396000583856374,0.08365871967505961,0.08032387988933062,0.02274502173267094,-0.3117772784567324,0.14822337703447724,0.05478175773499926,-0.4871016926308222,0.0010412699765381098,0.21944292433552007,-0.050629609944142256,0.23682121833454556,0.10479153605827746,-0.39349981876549694,0.17571119925619214,-0.10007978848229795,0.2763774056730254,0.4256998526625972,-0.001859698378559303,-0.06714117144262541,0.31171373015889914,-0.24043309654210013,-0.10425508152780888,-0.0030656786113083716,-0.06311106441969297,-0.17533287491404645,-0.0364209656428081,0.33570245080344446,0.0008629282339041762,-0.24667769944004897,-0.16551831221008084,-0.38106114906556543,0.41578382414710435,0.45436604556987986,0.3454556800099843,0.12186004446621695,-0.20043434624086365,0.015868847762904165,-0.41165155359337346,0.07844839614889688,0.10363675916793212,-0.3625968229341545,-0.0017782798616931739,0.16714669002902022,0.6220621277506332,0.25237528879410515,-0.0530779129135362,-0.1800786247644747,-0.5710454449766561,-0.44871268677411846,-0.10657389267313203,0.008603498065711281,0.6307970235055971,-0.475852196839089,0.14735870431754278,0.05552624779294619,0.14690624502119753,-0.06980773202709069,0.23461221435628238,0.06146941915630203,0.5221030475772854,1.1861294377665133,0.03213959135948682,0.18263653364607416,-0.4212986966549264,-0.18642542533034043,0.12976068130639165,-0.2249469707429117,0.8094207792207794,-0.14237863998418213,-0.18284275602072153,0.05356518879365294,0.12190001840005883,0.1397629576752236,-0.2156591230768444,0.23183451334715152,0.08601080037409121,0.0009738815226997653,-0.045030375606051734
20,0.11191437589265243,-0.050417917123939594,-0.25228372289168627,0.016940016507672646,0.07215848774567359,-0.12174679863875701,0.310331711878956,-0.013532770630499484,0.346960846589786,0.07381173945326563,0.5685878393110215,0.024737217201899267,-0.19887127461855467,-0.10833480541156262,-0.3859481271482836,-0.03749547958901491,-0.09582019937982113,0.16269042721973023,-0.08328541251026898,0.019896646461122366,-0.26277642235295473,0.2875916076887643,0.08590096085868877,-0.15351886585746743,-0.032532161003207084,0.3380528390016058,0.020812117755910665,0.07196115108663363,0.007693865154889612,-0.3087493834602947,0.03908042944947109,0.02005469462169544,-0.5063838689025417,0.10928008564512133,-0.1698104058575377,-0.02189260373794478,0.010466962100667816,0.04328599480847824,-0.42508227757616535,0.04026060026354326,0.045041380497191835,0.14735437076585967,0.4998947589981056,-0.004201063788684614,-0.1309332136319775,0.12431236329793012,-0.27953801165489733,-0.09836385972749612,0.02740330930869963,0.005437773915585372,-0.14292679877477035,-0.020014627603746518,0.21459047525094324,0.07698981098641453,-0.25226814173335455,-0.07375346932437923,-0.5591673411821629,0.38496756428804785,-0.21986698105953814,0.22148138903622355,0.09163055356671805,-0.1508814506937632,-0.2339715088833321,-0.36991796096048973,0.15379606517728397,0.1996109582213059,-0.010699730227280452,0.026213591368037234,0.22135465148113653,0.75839604360593,0.2595797618559378,0.259144493794363,-0.19712019353788182,-0.5685711896323511,-0.43695437553383853,-0.020985700441327238,-0.03649539584809029,0.6966717899140279,-0.33765625834770024,0.11570091889397038,0.09307308040136103,0.19200399469963972,-0.3359310215141604,0.05149332694185125,0.032414412104115845,0.7902047796535845,0.7649349689017431,0.06811674586637499,-0.029343243842911225,-0.3766336509752739,-0.2948490408507108,0.0934264814786829,-0.04730335245315237,0.15214025974025983,-0.1353013842506344,-0.2697343519615246,0.048159338965283516,0.09374122365606927,0.08746727529032698,-0.15130782240798743,0.0027995125831137124,-0.0909886264216973,-0.14020613483851,0.1394795256732287
21,-0.10236189233509078,0.000605940820646836,0.005734626585157591,0.0072375476560788245,0.046442756371886065,-0.1641246917665166,-0.020106499542875682,-0.057587021295678,0.09848082729712546,-0.08352112265047194,0.22731453722882386,-0.04495768633899667,-0.2527547804623623,0.04624559137950985,-0.03006457219308833,0.03726679997447291,0.03838958509520514,-0.014288173842533777,-0.041829010679497965,0.047533906066024124,0.05657567168164656,0.01969094183173507,-0.05589195024228612,-0.3196543370260613,-0.1374148679326872,-0.02182724588212825,-0.06358563140467983,-0.06737597890820807,-0.03764892730270338,-0.284485120841782,-0.18002321348492448,-0.11519384417395041,-0.35241708130693106,-0.04164547287238729,-0.2561772223800057,-0.0609080688471015,-0.09648455585686905,-0.07193780536457244,-0.47552323339682556,-0.07313663453756171,0.19147671271452935,0.015838072706101543,0.18494670978358604,-0.017391528326915325,-0.1336184304249309,-0.09943072306476723,-0.2217894685170511,0.009465043555952594,0.04430514668561576,-0.015918220996065085,-0.13169719322372947,0.0202753613261182,0.10080333260839827,0.1248477185469579,-0.19322164539457284,-0.018030782369038992,-0.6236994933734482,-0.007411210155411304,-0.42448163620985724,-0.09341050201241773,0.016882089158533408,-0.10406731799701739,-0.36028371757151134,-0.3203930398170563,0.07300662005240224,0.21097807468672833,0.5672680591415903,-0.10092450952529013,0.420889229589881,0.25554881890699865,0.02557792997853696,0.301359428832344,-0.2737653818418666,-0.5249170201660462,-0.41013211461025645,-0.16422530694201393,-0.10000000000000002,0.25010432244837644,0.03658783752269508,0.034615868753408996,0.1324366952327636,0.42943604011797565,-0.4883581850297943,0.016532114275024802,0.05618669060135913,0.46240824380618256,0.27421309495444157,0.053276169632283654,-0.04536593869853266,-0.4546600396903438,-0.2487588803175667,0.01931287499811098,-0.12694137286157176,-0.0878207792207792,-0.26085532939215234,-0.2223651281162848,0.36023925510267035,0.019086895209801478,0.14334364260605761,-0.14723029835417228,-0.18381376286619927,-0.07367182550457058,0.04789856870170323,0.012318184473392219
22,-0.20889831255620403,0.05038931047575458,0.12001540745069773,0.15262297935417932,-0.06560223292976121,-0.0820368936951935,-0.267372476219057,0.04573239394513164,-0.034552757097697805,-0.19667296774130794,-0.004101711544750705,-0.11102901023364298,-0.20890418506247843,0.1062759263432967,0.5077060739160176,0.04171807526218377,0.2425616975474744,-0.1401159271114303,-0.05224592184015976,0.03566133182155158,0.23120875329849236,-0.10042715356589471,-0.1469783080794694,-0.15543489915573303,-0.15099275701776524,-0.2953864118657579,-0.04541248901639278,-0.1311046617653955,0.009019124224631367,-0.08198607990354556,-0.22489382468543087,-0.05645745080165157,0.3728757876293062,-0.0835173087831523,-0.16374228496616125,0.025836433797596186,-0.25879687810040364,-0.054917697285590775,-0.3144007058758969,-0.08682216172467083,0.18543781974060922,-0.18620957336015742,-0.10759457339124781,-0.025667443687457266,-0.08492166101758696,-0.17220999993610808,-0.23752989109473296,-0.007315166406075533,0.027311948025581127,-0.07455985091227177,-0.08783646933800096,-0.031031732177855688,0.10798691529695055,-0.08715575162433555,-0.2415769309242593,-0.07107505385944125,-0.5991119558461513,-0.39501563447986177,-0.43058282287208133,-0.2858069951015569,-0.040094961751516764,-0.05128234206751076,-0.4013195194585853,-0.22843632144916243,0.018309793646610138,0.10468222974585549,0.3719505841216179,-0.1525863904571587,0.27482341345890593,-0.0050643746210634975,-0.042967094560417834,-0.09349964717114273,-0.1757658936006887,-0.3875439411023414,-0.3781184483466262,-0.2397250245762771,-0.22395248733177142,-0.1483167151776851,0.6235790359195973,-0.020286997020937433,0.05998342018000959,0.27480269370213056,-0.4701024381070991,-0.053705987922436874,-0.05110911655340429,0.009523350142512498,-0.21586175448398237,-0.06652775487565384,-0.02734635012203265,-0.383043105143654,-0.22198669139740335,0.0519915516798406,0.0799593337768127,0.026046753246753287,-0.25972884578058425,-0.16933532439114884,0.04729604735771124,-0.1323873070880455,0.1074336459951833,-0.059272279479017066,-0.17836558617365983,-0.08845446043382502,0.08974882057821908,0.0906960102809744
23,-0.27431982085236195,0.004842325356412876,0.4028284626087072,0.17073930791301453,0.002228961284199259,-0.12582962904184483,-0.4536385017482396,0.02879948978066553,-0.2010489141041531,-0.1543887579317344,-0.3060067589665322,-0.12749477828135272,-0.11555018475394294,0.09925868170826038,0.932104124274585,0.12969059116339424,0.18408036698188152,-0.1370835315744945,-0.03937331299143318,0.12871222362740395,0.1738734540002357,0.09107584069684661,0.05271023962864638,0.2357715491587638,-0.12212893229072833,-0.08033639109394461,-0.01265369776603626,-0.17837361858662076,-0.01989992190437633,0.30959883816517814,-0.14075813131446363,-0.03962678964019512,0.8313013152426632,-0.06151482145282461,-0.25775659631063785,0.0004603769558610542,-0.13684767511078796,-0.01868585077225189,-0.15063980833909768,-0.09870168092521138,-0.01315727717892958,-0.2505544288382995,-0.2231587608350396,0.03773487707187665,-0.16876816015611348,-0.2571223508816019,-0.13873254745759162,-0.07898704489613584,-0.02675109125977053,-0.0600690170213058,-0.11580921422766781,-0.03729597033822468,-0.08629267494288347,-0.08981375516834023,-0.16898279340754013,0.022106631989597048,-0.4896203968338736,-0.5362719932795071,-0.28692236717328334,-0.2561916944869115,-0.09614500508723675,-0.06854845568931202,-0.28291189477265,-0.16193233410147595,-0.11926946869040796,0.0017128820983755078,0.15196279915247388,-0.20253235605154155,-0.05106499479822604,-0.2725251732705636,-0.17982474128149395,-0.40258395251338674,0.4668938565679592,0.034506922435843634,-0.4537377009173702,-0.23388249402151556,-0.2085054214569826,-0.37106393346171695,0.7008548893036648,0.0390005454621742,-0.0382923862021445,-0.09453021477339409,-0.43258290149850026,-0.09356019197830001,-0.06070008975509676,-0.28948739311554494,-0.37880101223389817,-0.04147866105023302,-0.05855970078290937,0.1124693830118177,-0.21670724573919747,0.018751794701286198,0.12805843886887647,-0.09710129870129862,-0.25708405817081553,0.21092345035505733,-0.02417216501202425,-0.057116166947385645,-0.0030813210058663006,-0.054474290648775965,-0.16976134596019937,0.106133285063505,0.15355753794549962,0.06903148548396512
24,-0.2994463350554547,0.008704222861392974,0.2532832148442818,-0.012849594888236351,-0.04345813091344422,0.11498999130134038,-0.4239079609455151,-0.011344408016023929,-0.31666316531398436,-0.21254778495069923,-0.4598822631636323,0.030970884869202565,0.04996804454663657,0.05814201392484475,0.8293014071661801,0.08687698100363751,-0.07252505061377204,-0.18150312773642216,0.11785735242342424,-0.02314552352710314,0.26254090462029417,0.08414087692114414,0.12427857212711034,0.46733186535864657,-0.03201326078339528,-0.06584103387489741,-0.06214539677736614,-0.13668502472345684,-0.13765865638714403,0.39381816188962604,-0.06410087314358068,0.045009115770282535,0.6871019734255839,-0.01571225795799233,0.07295599226938027,-0.02208821454751666,-0.09051524571730951,-0.07093525105307068,0.13472005406709006,-0.17684162647741497,-0.09314914188269534,-0.1930893797063491,-0.14833240848816523,-0.022630623205017505,-0.17667866368130056,-0.2559914640405671,-0.04632225580465782,-0.07733973643064568,-0.008912800730890196,-0.016288199733706737,0.07158342189160462,0.010431558502681357,-0.19903053022642644,-0.20280659332545778,-0.029099317630523015,-0.13007782931894482,0.10184712154533328,-0.4905306389135202,-0.12994079503806033,-0.2290100152881345,-0.06014997927422097,-0.16954246216481333,-0.1427509981439596,-0.088779534847638,-0.07866544704733269,-0.09825311370706971,0.0759329157452328,-0.24433173294085261,-0.15514428078628933,-0.44285935066633375,-0.1687377817878577,-0.4844734548171516,0.7472841889785756,0.3803403398784787,-0.3798267313004028,-0.1743068095460535,-0.18792567972538557,-0.3738164909816159,0.4595099968877652,-0.06421768136617304,-0.09698656388613747,-0.09584170419793205,-0.22940217207012528,-0.06554387031526746,-0.06544428772919603,-0.3562069721552292,-0.40017130744139795,-0.04498643361465464,0.11181812418777116,0.5078844331611034,0.14824943380944988,-0.04883287741623448,0.06380580623297723,-0.008644155844155739,-0.057900532041293515,0.20370366883159666,-0.03664878419765249,-0.05500425734158645,0.06489275136424587,-0.0695733928781289,0.0006308208899669506,0.061845717561166996,-0.04034124808555388,-0.004132834861849391
25,-0.12309787879322204,-0.031061618720190576,-0.014836312439192072,-0.058456251859920684,-0.11512882668668534,0.05677934000979164,-0.32270896871314225,0.0654276574754109,-0.25439212581002457,-0.15212718011238174,-0.4702148969802681,0.10898197311547636,0.23670910252925584,-0.011354291666412837,-0.1738536392302959,-0.02347156927396885,-0.07211501499192745,-0.14366482958048146,0.11183693228494279,-0.12159303998953387,0.13361484889547176,-0.15955023242179317,-0.018878249178257,0.3595305174533078,0.14687758999675676,-0.20356376946655727,-0.09990573009712149,0.035399613386618504,-0.12580232078106154,0.13861182660163351,0.06636946371574028,0.03493484905356851,0.22451927936832414,0.048281904538711964,0.311462237030777,0.03867561602586021,-0.027515047291487807,-0.024094981011051498,0.6754299445610156,-0.08840743540176996,-0.10913812794317806,0.03177095755823163,-0.17448001377700395,-0.04551109508416287,-0.0726809430244841,-0.03272756701729133,0.26651706509772005,0.01686397140942592,-0.030177139376712934,0.17819729001993767,0.1377008189035444,0.02158786836924325,-0.21896699004746462,-0.16578835646780868,0.015175353086531677,-0.14853560545775657,0.8406950962616186,-0.2697064451393101,0.0768306122972038,-0.10367851237090882,-0.07204280815465201,-0.0786189377229143,0.06371709407320318,-0.14604817964310465,-0.1139672253143363,-0.043698558095427206,-0.04584254767335499,-0.15528053790293048,-0.19156217488912014,-0.3637433574663861,-0.14065810879164445,-0.33651571126146695,0.329441252413408,0.4068650492688256,-0.18276409056118212,-0.006225990197377185,-0.09218656350460415,-0.415291467849247,-0.09228920546430393,-0.10174967482062704,-0.04686759829464701,-0.2477821256620594,0.3182979799069641,-0.07077884497343036,-0.009898704962174643,-0.40638281078710814,-0.44439081101954614,0.003560239248077496,-0.0044296174205206195,0.18066704807537592,0.3699561546037665,0.043422325328335974,0.04462490429631117,-0.1832441558441558,0.2783221743129084,0.26737671855845396,-0.1318575157756262,-0.09438634313353764,-0.14717810264630132,0.002994272049543585,0.23262793713732707,0.05584215766132681,-0.018456592562825645,-0.047593317366668615
26,0.1826124521714597,-0.008147693523974897,0.014451126171746478,-0.06924519508812516,-0.03293670609789569,0.19012485046839528,0.05810366606879872,0.009767909994120536,-0.21740541064651558,0.12102764799149188,-0.30422844216722983,0.04732558534154825,0.2819481072821704,-0.056619174377310934,-0.6198018524174779,-0.0941894105384076,-0.056738679172753194,-0.03306570005202083,0.021570238234948778,-0.00993196982251114,-0.08041106137227222,-0.34595251057414467,-0.29245310485535597,0.047916372061655194,0.0694749738748153,-0.31869575469049993,-0.005662013302530857,0.13468943274125567,0.30753372968396236,0.012056776456404022,0.17940330792160175,0.028922462330419892,-0.290426021812137,0.024937217545532284,0.26748914180422695,0.043548103464287204,0.05393875256299984,0.03130197350355156,0.6343467543138867,0.06626711527013181,-0.05339570393779627,0.11110205786800062,-0.22477564531868893,-0.031370175280435744,0.19356676889664198,0.09017491475754083,0.4799657786411035,0.25818070136251936,-0.005212668764592462,0.12432427494444598,0.2510095642933049,0.02007649662261443,-0.22239735256727894,0.11446489220318959,0.27082587109791195,0.055256875570133875,0.8851043815411382,0.0868717039249547,0.2393366993874465,0.01575613865402018,-0.07168104910125489,0.09826091394160717,0.5348052351084082,0.35554834626010945,-0.09192105548751181,-0.217550810926118,-0.3538827588602391,0.28461119728304507,-0.3092920111701255,-0.3030659676403105,-0.12318691984852831,0.11122410858826959,-0.3145583753983578,0.5716971719088386,1.1001785932178947,0.35140241649294784,0.22072685664469008,-0.30567902898479354,-0.45611537147106945,-0.13057525280073856,-0.09165733603203986,-0.2798699002490859,0.8864456782093215,-0.0363437604129519,-0.05228875496858568,-0.446084630563473,-0.40948846036923514,0.016871786415626235,-0.01698152080890067,0.07955053367421737,0.40818714035026316,-0.11702963713029142,0.06751095101226261,-0.30108571428571423,0.45664942777897694,0.18862008771450792,-0.1488766931820516,-0.046576732343206646,-0.24266303413520804,0.18203743351029864,0.026161435293841132,0.027634476724892134,0.07428563227463865,-0.10187510952742566
27,0.5612425722497486,0.12184611703759952,-0.1261385408745721,-0.10916681171707879,0.010443708806381308,0.4190867455484872,0.8142853154857033,-0.004599946187804463,0.21888343727585627,0.3361985389720927,0.19367982121443378,0.042799581645466184,0.3522445951207328,0.06338667332655161,-0.5859317797576283,-0.017010040630517538,-0.04131108890084828,0.27607202957603877,0.06226088487266727,-0.15184684488247358,-0.13443252665745592,-0.3122073788684618,-0.10699491090538392,-0.16406404182018483,0.16763359878923273,-0.09200229051345662,0.18489412093315544,0.19116520687984248,-0.02598191442086977,0.13291225954951527,0.1766994645071092,0.027575205104831295,-0.4794696910134444,0.01884938336045247,-0.023863785925561595,0.04699796683310054,0.3089324690786425,0.06119208111622884,0.3146490910114908,0.24167062427676053,-0.0530358735274332,0.047410517333585984,-0.23219991963414405,0.11089675067935666,0.6411754744823767,0.29128109672596547,0.41786242733220647,0.08175117266026342,-0.024901025276621663,-0.07801298579692742,0.1933087453897604,0.05239201094197791,-0.032395626175684006,0.2283991066154755,0.8458253043458547,0.529627544979912,0.8250137369531116,0.8113128296075047,0.7212612450982907,0.3854045115597018,0.10974111617741265,0.7251143986345878,0.8068464618855223,1.3716105781521908,0.08026232151439497,-0.2611184211915831,-0.39409249846588473,0.5466090180883848,-0.37715052291518375,-0.2487487665989039,0.11784166564136223,0.6984226474617078,-0.4023308288166741,0.6586681123854068,1.590067554825899,0.5945228019047487,0.6197351931564321,0.03659450058705667,-0.45861872751156074,-0.01984643141862129,-0.06721555919211042,-0.32512502865847265,0.8214407921304844,0.017295000029229547,0.0893704321066804,-0.286077614558211,-0.37656415607463567,-0.02097168298130682,-0.11242828615804003,0.7550640945416839,0.24233455487173838,-0.19080319494612102,0.015232261870395251,-0.3097116883116883,0.3782771875277767,-0.026346364969936465,-0.16770467205196185,0.1507426695878311,-0.14997781514366126,0.5124855012850845,0.037886475748659075,-0.08435152502488909,-0.16746046553587066,-0.1128935685495648
28,0.9704344682876941,0.16259498707499626,0.6066949357967545,0.1036810987147597,0.2573028245635502,1.0626378348272771,1.4085192655300196,0.14817287666045503,0.9813512569441767,0.6929587922688085,1.0153541643955089,0.3343519669759077,0.4066570188133141,0.12105965267075602,-0.4693378876590105,0.08003254695909294,0.08556930883370495,0.4050488089794455,0.19270332120643097,-0.08499411277310201,-0.09500984364607967,-0.0493823024414758,0.36984959661254607,-0.3750794462306356,0.35958343843465096,0.8685761764144485,0.47786403021292156,0.5018991991579956,-0.05007323108153246,0.14125609689264024,0.47908148460787675,0.2550605930612901,-0.5454283804881336,-0.006963992298330538,-0.08130312203434448,0.03298511974740526,0.8212017990607839,0.08774811276274944,0.11020790702308984,0.3039778998133789,0.017475242103286957,0.04679720126396422,-0.20147911444480598,0.20005409095006899,0.983746240293304,0.4545313208800896,0.3924783136163139,0.41855595264686163,0.13767637803268704,-0.07425153529757035,0.061839094830280585,0.05332667504844571,0.27920236224179784,0.011868724158298902,1.1931672371970707,0.8271063408574812,0.4296732342385353,1.7995893032155696,0.7399223415434298,0.6525974228573211,0.0935071786562159,0.44189910238890434,0.9525038642643574,1.275432895662492,0.2316553231732841,-0.08601160366738407,-0.3825649249151894,0.376773491157156,-0.2545912500684445,-0.2890141112973596,0.1880955310393853,1.450801129052343,-0.32196957361185424,0.24249144247933055,0.7921441169619183,1.1869540057588666,0.6160409742276465,-0.11817854301065525,-0.46573192211442005,0.038832710947006084,-0.017726411437922415,-0.30714888027947357,0.3261311195440071,0.013085975178445296,0.1457109885882806,0.04306862530146893,-0.2505977274034391,-0.05042797823382151,-0.10051824146565677,0.7809298625140796,-0.06714294999025107,-0.29140659241011374,0.03572351988754025,-0.24285454545454538,0.12889983728570045,-0.22751727267762756,-0.07839509979239884,0.3227996099485468,-0.3044482683532615,0.8237569427767022,0.44891526233920953,-0.0323709536307961,-0.10001660724280818,-0.13659530346398732
29,1.693231710542556,0.2669598414671571,1.5389121144401683,0.31769128406111186,0.7517800273163506,1.5935809581700777,1.3709792235164386,0.33011190943606816,1.901801352723783,1.422514615142682,1.5051680202769,0.9175678052121548,0.6820579311966031,-0.03147404776843096,-0.2780656734909851,0.17035035844200042,0.30434894031418974,0.9491138851503335,0.6791427062551341,0.060682046138415054,-0.20687413235764845,0.39204321789019647,0.8304682758368418,-0.29646613842369335,0.17965478721487502,1.7529838428977245,1.2711452629373796,0.9637562980987165,-0.19959085255704007,0.004329478818436111,0.6351130338442059,0.6559198884658693,-0.5334244044343108,0.17713307217252583,-0.13061699489474302,0.3567387923897515,1.0531781202460475,0.44160315428974056,-0.051122570843917255,0.5266386178018874,0.12867848370594037,0.2426050229697237,-0.20701861808997152,0.5691552796630908,0.8672416990783175,0.22122361530253876,0.05542878380937009,0.8113412999776635,0.11590955232971271,0.03929082840979937,0.2712858660998935,0.019996950741212924,0.5470733178331766,-0.29370477702303605,1.4586112307587675,0.7378452341672652,0.2967175437941786,1.4466654221309567,0.693569469718328,0.55909019999376,0.03368127520066324,0.05564848574198921,0.43470437631668457,0.6188984235739258,1.146989969147765,0.13925879304117886,-0.35168144820479563,0.0534998525524464,0.12629359908010715,-0.41983190080483135,0.022611382247194157,0.9513199950188866,-0.1471574123613019,-0.26353703164336123,0.017415611931357915,0.9720911100110855,0.27940936086743307,-0.37132052780679226,-0.4011865500582167,0.0053916837997733235,-0.034150122733732316,0.02290929156255694,0.10819042451855945,0.15490380624455624,0.160584690344916,0.20189958342468745,-0.2667548537108394,-0.023849855341857806,-0.11687375194142462,0.19162211932133097,-0.06504317046710104,-0.18265902942554432,0.10099280810312145,-0.16984935064935053,-0.13295046193084012,-0.2769202377970816,-0.0018704651497398893,0.2418497795345155,-0.2158742061341537,0.5114891138283251,0.7602723892439163,0.04965758590521016,0.3724963556328282,-0.126759740639056
30,0.3697653095410222,0.21237835673010422,2.138836405415187,0.2582636623451001,0.8635571444161875,1.2746889967196622,0.8651517583590972,0.35170853720515405,1.705803088068757,2.4192868004915487,1.3037685326501693,0.6489786410882155,0.8168823965855415,0.13854794203463536,-0.054232038304517255,0.463536237741709,0.22318751441531487,1.032738023611217,0.7434793451472828,0.04403427674327324,-0.049959613684575306,0.8747518740315761,0.9932170289452058,-0.12757549528606063,0.010450073871211824,1.7393193582071118,2.828667361082823,1.788837189914705,-0.2836974728045795,-0.14684605688606325,0.5750877100424701,1.852907662609255,-0.31432025204137787,0.15414790294618144,0.024452587610227186,0.36751516971707554,0.7037998544877303,0.9046200396876796,-0.08473254552885094,0.6295810730363005,0.2023185594267746,0.7358178066098878,-0.23346281165687616,1.1026388656355044,0.7327389480078592,-0.09461966209697517,-0.1505725766298975,1.6456053160598612,0.3408867120089331,0.23831883488671113,0.22681752828655372,0.06124149024789591,0.3268642226641584,-0.3615253987005316,1.248173924871347,0.43444675193602883,0.44958184328677997,0.7095813693004156,0.4847681779737038,0.15935852235499676,-0.006971398424840766,-0.22387543448799874,-0.08614773127398383,0.12671179137082592,0.6303003054216214,0.2632135864709771,-0.3320259583878474,-0.17498950939610644,0.5619284892952963,-0.5183137772388459,0.07882541114711061,0.1703997343406252,-0.20751471306613328,-0.5228061170051707,-0.41389255565785543,0.41259560346089763,0.25090175993025654,-0.33523403218574327,-0.18979034393160893,0.1018965300213988,0.24561011584341788,0.5297037782553109,0.022358820065908155,0.4018946457696379,0.22395178869085783,0.23761543521157621,-0.2924694563350887,-0.020859254373472826,-0.07819582237154923,-0.029530867287647693,0.14015028422015677,-0.005204633729804733,-0.11388299674921251,-0.12618181818181815,-0.23235855918936713,-0.21519619012467964,0.082115475529794,0.37067626548826815,-0.15301329290395674,0.04030515004573172,0.9876676475082578,0.18164539777355418,0.2783148364186584,0.05932735556983463
