Frame,Cell_74_Raw,Cell_74_Norm,Cell_77_Raw,Cell_77_Norm,Cell_78_Raw,Cell_78_Norm,Cell_81_Raw,Cell_81_Norm,Cell_82_Raw,Cell_82_Norm,Cell_87_Raw,Cell_87_Norm,Cell_88_Raw,Cell_88_Norm,Cell_91_Raw,Cell_91_Norm,Cell_92_Raw,Cell_92_Norm,Cell_93_Raw,Cell_93_Norm,Cell_94_Raw,Cell_94_Norm,Cell_95_Raw,Cell_95_Norm,Cell_98_Raw,Cell_98_Norm,Cell_99_Raw,Cell_99_Norm,Cell_103_Raw,Cell_103_Norm,Cell_105_Raw,Cell_105_Norm,Cell_106_Raw,Cell_106_Norm,Cell_107_Raw,Cell_107_Norm,Cell_108_Raw,Cell_108_Norm,Cell_111_Raw,Cell_111_Norm,Cell_112_Raw,Cell_112_Norm,Cell_113_Raw,Cell_113_Norm,Cell_114_Raw,Cell_114_Norm,Cell_115_Raw,Cell_115_Norm,Cell_118_Raw,Cell_118_Norm,Cell_123_Raw,Cell_123_Norm,Cell_124_Raw,Cell_124_Norm,Cell_126_Raw,Cell_126_Norm,Cell_129_Raw,Cell_129_Norm,Cell_130_Raw,Cell_130_Norm,Cell_131_Raw,Cell_131_Norm,Cell_134_Raw,Cell_134_Norm,Cell_135_Raw,Cell_135_Norm,Cell_137_Raw,Cell_137_Norm,Cell_140_Raw,Cell_140_Norm,Cell_141_Raw,Cell_141_Norm,Cell_142_Raw,Cell_142_Norm,Cell_143_Raw,Cell_143_Norm,Cell_145_Raw,Cell_145_Norm,Cell_149_Raw,Cell_149_Norm,Cell_151_Raw,Cell_151_Norm,Cell_152_Raw,Cell_152_Norm,Cell_157_Raw,Cell_157_Norm,Cell_159_Raw,Cell_159_Norm,Cell_160_Raw,Cell_160_Norm,Cell_161_Raw,Cell_161_Norm,Cell_163_Raw,Cell_163_Norm,Cell_166_Raw,Cell_166_Norm,Cell_167_Raw,Cell_167_Norm,Cell_168_Raw,Cell_168_Norm,Cell_173_Raw,Cell_173_Norm,Cell_174_Raw,Cell_174_Norm,Cell_177_Raw,Cell_177_Norm,Cell_180_Raw,Cell_180_Norm,Cell_181_Raw,Cell_181_Norm,Cell_183_Raw,Cell_183_Norm,Cell_187_Raw,Cell_187_Norm,Cell_189_Raw,Cell_189_Norm,Cell_191_Raw,Cell_191_Norm,Cell_193_Raw,Cell_193_Norm,Cell_194_Raw,Cell_194_Norm,Cell_196_Raw,Cell_196_Norm,Cell_199_Raw,Cell_199_Norm,Cell_201_Raw,Cell_201_Norm,Cell_203_Raw,Cell_203_Norm,Cell_206_Raw,Cell_206_Norm,Cell_207_Raw,Cell_207_Norm,Cell_214_Raw,Cell_214_Norm,Cell_218_Raw,Cell_218_Norm,Cell_219_Raw,Cell_219_Norm,Cell_221_Raw,Cell_221_Norm,Cell_222_Raw,Cell_222_Norm,Cell_223_Raw,Cell_223_Norm,Cell_225_Raw,Cell_225_Norm,Cell_226_Raw,Cell_226_Norm,Cell_229_Raw,Cell_229_Norm,Cell_230_Raw,Cell_230_Norm,Cell_233_Raw,Cell_233_Norm,Cell_234_Raw,Cell_234_Norm
0,,,,,,,,,,,,,,,,,,,,,,,,,,,,,,,,,,,,,,,,,,,,,,,,,,,,,,,,,,,,,,,,,,,,,,,,,,,,,,,,,,,,,,,,,,,,,,,,,,,,,,,,,,,,,,,,,,,,,,,,,,,,,,,,,,,,,,,,,,,,,,,,,,,,,,,,,,,,,,
1,828.2705167173252,1.9178611709949605,338.8121693121693,0.45777822183886824,314.1640866873065,0.7912832160425541,224.10746268656717,0.284626514087118,277.13256484149855,0.5341697702162056,350.02536231884056,0.718530480260271,692.5471124620061,0.9796764371400272,610.8508158508158,0.8217437179253471,494.7584097859327,1.667505715793176,892.3865030674847,2.9041535261356777,965.8668730650155,2.814559252677741,508.3489932885906,1.5147595894908472,509.9125,1.7782784884842846,902.1473684210526,2.668704740841152,859.7524752475248,3.35281744138337,426.7134670487106,2.8908461232535116,783.1324041811847,3.525440109532407,710.4896373056995,2.5912238941478076,474.8817204301075,-0.3220206766329485,353.15384615384613,0.51275582374497,1042.637630662021,3.354888942071356,579.5528455284552,0.9434679284549099,371.0943396226415,0.8466603794056035,930.0927601809955,3.5032807815940297,834.207492795389,1.355572312850253,555.5542986425339,1.9108602994636623,566.356783919598,0.9685507738586195,1355.3305785123966,5.385683691349211,834.344262295082,2.906341499468415,1111.149090909091,4.280031794304673,701.429104477612,1.517367238531701,783.5114503816794,2.716857956202912,945.3579234972677,3.9851103476760223,608.5483870967741,0.8364217978081052,835.4347826086956,3.2770179576364358,1453.6178861788617,4.005085473275604,1065.8648648648648,3.864228154807587,871.2122093023256,3.8142120002213216,747.6889632107024,2.047552907247975,1112.774193548387,3.154102879250397,885.9702380952381,3.1830198223854316,884.9467680608365,1.902956633091451,1058.6102362204724,3.469126796666229,514.7225672877847,0.5501479136212164,1076.1724137931035,4.541837885927167,344.9064171122995,0.29148974277110395,586.2699619771863,1.7264512934769156,1192.8007662835248,2.5599795185070353,759.2977777777778,1.0673067485569923,844.5855421686747,2.7101301151312502,652.0862619808307,2.2067520787108243,1198.846889952153,2.125896343652577,558.5979020979021,0.979572758538083,464.3837209302326,0.4113270124811529,1385.1350364963503,4.17820050057683,1120.7904761904763,1.6688412562223376,817.0385604113111,1.2775695643761602,1490.2372881355932,1.7014909449991598,1422.5697674418604,1.3178033400800133,651.5951417004048,1.434827628520088,661.152,1.0809935552642738,1492.2335766423357,2.170793032583829,1429.1416666666667,4.27386478373701,1118.5584905660378,3.7535218043612293,1172.1183431952663,3.5651746389429477,939.8883720930232,0.3581349917556817,605.3503649635037,1.583171249991348,1466.5362903225807,1.5428677080072186,568.2008032128514,1.2374276938647848,726.9508928571429,0.5105753353494499,1093.4747474747476,1.195222848851226,516.0109289617486,0.30545780191793387,1382.7800687285223,2.4597176817652917,377.1341463414634,0.2582409716623593,870.9506726457399,0.9636345254076402,423.55918367346936,0.007909399656169243,529.0168918918919,0.16418816664243502,910.1859296482412,0.565981601810615,984.9483568075117,1.5059405309847265
2,553.5106382978723,0.9499271875847694,827.6349206349206,2.56099417970815,294.3529411764706,0.6783251347470992,347.3044776119403,0.9908151877363459,562.3804034582132,2.1132646386794742,712.927536231884,2.5002826455624643,1090.3130699088147,2.1167079535295925,601.8741258741259,0.7949724864749625,449.18042813455656,1.4217705768554343,675.4171779141104,1.9549218278199023,667.5572755417957,1.6364262540960886,597.6812080536913,1.956678520573414,519.625,1.831197430105452,569.5526315789474,1.3161630934969504,1082.8349834983499,4.482255809679054,311.1805157593123,1.8373969815111022,536.0278745644599,2.097512030443566,360.05440414507774,0.8199223626432787,650.4731182795699,-0.07133227996181471,386.1293706293706,0.6540084739275289,1066.5783972125435,3.4548847377816863,724.0325203252032,1.4279649272144275,401.6264150943396,0.9985957986629834,851.8891402714933,3.124638055119078,1169.1325648414986,2.3013085156593305,1025.9660633484164,4.375611150332444,546.2738693467337,0.8987463005191407,678.00826446281,2.1944577844117075,906.120218579235,3.2423915082807913,1233.2072727272728,4.86003594138789,668.7425373134329,1.4000580296695289,559.6145038167939,1.6547252371420242,593.327868852459,2.1287672373219433,856.3951612903226,1.5843511790966887,1240.0553359683795,5.348477524287888,923.3821138211382,2.179381905046282,763.2747747747748,2.4833146036618796,579.8023255813954,2.20391666205582,1216.23745819398,3.9573394606580923,1266.7972350230414,3.7290870618189182,1191.327380952381,4.624733016075243,556.2509505703422,0.8247113215182572,1025.3661417322835,3.328780455373978,751.0144927536232,1.2617690053415176,635.9341692789968,2.2747950301423625,253.3716577540107,-0.05125888976524227,1152.4562737642586,4.359503474616732,920.3793103448276,1.7469226937991384,1241.8177777777778,2.3810427840200927,1290.4,4.668522205900169,1272.6773162939296,5.258620779950806,1233.468899521531,2.216170434555997,731.9020979020979,1.5937323600437265,612.5426356589147,0.8616026553861621,1130.2518248175184,3.2253429527362694,1063.557142857143,1.532556478223237,983.7892030848329,1.7424022014088445,1671.0254237288136,2.029222317148215,1251.7984496124031,1.0395643813210655,1033.910931174089,2.8634341165930137,520.176,0.6372678349353083,993.9525547445255,1.1120137521595457,1591.3541666666667,4.872466595709422,962.8264150943396,3.0917094604948523,1134.603550295858,3.4190617638021097,733.0790697674419,0.05929636533084835,931.1605839416059,2.9734794736732812,1252.657258064516,1.1720169570658714,754.9156626506024,1.9726624823407857,805.1741071428571,0.6731200949924858,839.2222222222222,0.684794094916644,532.2622950819672,0.34657218826659353,1120.8316151202748,1.8043222814737256,875.410569105691,1.9206515924382728,695.4035874439462,0.5678482562613392,474.46530612244896,0.1290465660643694,515.777027027027,0.13505167924503345,1404.6482412060302,1.416707654000299,1269.1267605633802,2.22895730143815
3,481.18237082066867,0.6951265651100038,683.936507936508,1.9427152761792983,238.8513931888545,0.3618695130275143,775.9940298507463,3.448145070982192,715.6051873198847,2.961497077847836,711.7282608695652,2.4943945257681834,731.9118541033434,1.092202285676773,827.5314685314685,1.4679516095643868,856.816513761468,3.6195535086176576,603.8588957055215,1.6418573441588944,540.0588235294117,1.132888537472081,650.8859060402684,2.2198776735847243,585.13125,2.188110832377947,385.0763157894737,0.5659651125459282,492.3762376237624,1.4928382721252371,196.74498567335243,0.7939543133503832,728.2369337979094,3.208218957428673,257.25129533678756,0.300296232493038,854.426523297491,0.21984799837616287,386.958041958042,0.6575581375998084,1205.8048780487804,4.036405914465343,1126.0081300813008,2.7759467577060617,526.2301886792453,1.6186560562181291,528.7556561085972,1.5601050629075108,604.7319884726224,0.707596660355556,973.6945701357466,4.101731504799637,1102.4447236180904,2.831892678666732,470.43801652892563,1.2164838730611978,981.5464480874317,3.595531841104333,1235.989090909091,4.873254769145701,1068.0335820895523,2.833078399571474,409.3473282442748,0.9418808405339347,915.7021857923497,3.828728176197687,1247.9301075268818,2.7658896156747805,1217.3794466403162,5.232388048627489,444.2682926829268,0.529701030158256,602.7027027027027,1.750520776230677,1195.2906976744187,5.605030047851673,1054.2040133779265,3.2968970573088647,562.8571428571429,1.101204800853281,1193.0982142857142,4.633093828455802,390.3231939163498,0.2804061732569805,745.3661417322835,2.146706581297127,740.8674948240166,1.2312101204785888,1166.0815047021943,5.004832104979005,243.13903743315507,-0.08957457057135895,1445.3574144486693,5.721641645889697,911.6015325670498,1.7207249330412726,1493.3377777777778,3.065845253637267,1101.5421686746988,3.8388997550123674,1219.9520766773162,4.9993348823649555,1386.5358851674641,2.6152802247842053,1336.2237762237762,3.735342142870911,661.1589147286821,1.009354320237896,1562.7554744525548,4.8422182436150685,819.6142857142858,0.9516764875969023,814.0745501285347,1.2693071151654998,1061.2584745762713,0.9238413789512949,692.796511627907,0.12877842999188524,1249.2024291497976,3.66791784262078,411.408,0.2949176537077167,824.014598540146,0.750918749380679,1117.4375,3.1236039902345523,498.3320754716981,1.1177545980349883,823.8994082840237,2.2089291201474954,517.3348837209302,-0.25245313284106374,1088.6715328467153,3.6456154437161263,1039.616935483871,0.8026204679584635,978.8795180722891,2.8545741757276297,1290.9017857142858,1.6824430879979222,816.4141414141415,0.6390053647754387,508.9672131147541,0.287637881271188,721.4776632302405,0.8051381307307679,1404.7032520325204,3.6865424461841,608.1973094170404,0.3712340693226691,676.8081632653061,0.6105454345313445,1156.7668918918919,1.545654680870749,1369.964824120603,1.3570345792201894,1329.4225352112676,2.3823639490993647
4,504.72036474164133,0.7780470568079608,238.45502645502646,0.025980103252635053,188.42414860681114,0.07434627062395552,876.2059701492537,4.022578934059855,461.31412103746396,1.5537748675415102,354.9130434782609,0.7425276814762399,347.2218844984802,-0.007450943290579141,667.7832167832167,0.9915335275706836,758.269113149847,3.0882320612029543,189.39877300613497,-0.17138831107830635,358.89473684210526,0.41740572881853283,455.96308724832215,1.2556109311711017,1073.45625,4.848768970566534,728.0263157894736,1.9606178432561625,367.26402640264024,0.8594110581162845,157.46991404011462,0.43583751600251974,595.98606271777,2.4439888051437273,225.95854922279793,0.14212466790242373,1108.584229390681,0.5827039732271548,578.3986013986014,1.477605333315582,737.8780487804878,2.081969095236863,936.7317073170732,2.1412286986142646,1171.5622641509433,4.82999357364024,338.2556561085973,0.6377508358659838,334.93659942363115,-0.054231247050143386,344.83031674208144,0.8067592699914647,543.6758793969849,0.8897161709766632,486.6363636363636,1.292802907391784,720.7349726775956,2.374430748938251,637.0981818181818,2.0274053082665193,1188.6492537313434,3.2659574151502087,371.89312977099235,0.7642038767565613,574.5710382513661,2.029857747069615,796.4301075268817,1.4033941111414565,593.403162055336,2.037934298478536,375.0772357723577,0.2914629366975215,386.7837837837838,0.7651436246025658,686.3488372093024,2.7926796401040215,1133.7792642140469,3.621242873501239,693.4654377880184,1.5887792765842759,615.9583333333334,1.9081856334544913,265.4220532319392,-0.1293163184416075,530.7125984251968,1.240505347292373,722.776397515528,1.1767266403863073,544.0,1.8013725043540962,192.2139037433155,-0.2802619122576137,1138.3802281368821,4.294042756352448,785.9310344827586,1.3456544167348532,985.7733333333333,1.6839218080050125,570.5518072289157,1.5063434507854778,804.8817891373802,2.95815170617512,950.0765550239234,1.4772478073975295,937.0104895104895,2.320600440017953,625.8217054263566,0.9019596037862292,719.4379562043796,1.6895529221286187,625.0761904761905,0.48843977609035016,657.8020565552699,0.8336832751689395,564.021186440678,0.022453363694478094,403.0717054263566,-0.34327231851063617,1179.9433198380566,3.4091160467098223,356.792,0.12301233690565962,755.3978102189781,0.6051174232795797,865.9625,2.195602814827217,284.4566037735849,0.20885110598733472,915.5384615384615,2.565845539280958,916.0651162790698,0.3237104810380676,557.7189781021898,1.379917008714431,783.8709677419355,0.35917548325850984,831.0522088353414,2.2724684945563935,1208.7455357142858,1.5117256349839514,797.8434343434343,0.6017234425590494,516.8579234972677,0.3076006162703354,495.9209621993127,0.24079494670230683,737.9715447154472,1.4621107435899368,566.1434977578475,0.27642006998545254,1557.5877551020408,2.7064651167308242,1200.8445945945946,1.642654872520123,660.1105527638191,0.1357250723362392,1193.7558685446008,2.0371960056697827
5,207.65045592705167,-0.268481504218837,105.20899470899471,-0.5473262322906048,161.74922600619195,-0.0777473109421706,316.96119402985073,0.8168817267675202,240.53314121037465,0.331560129684351,209.04347826086956,0.026347310123454815,152.79939209726444,-0.5632162047879888,311.54312354312356,-0.07088324440228767,782.5749235474007,3.2192776116778052,140.20552147239263,-0.3866067234784943,229.56346749226006,-0.09337044946934266,272.3322147651007,0.3472044946472969,896.965625,3.8871527974845916,975.7394736842106,2.9679770270752335,348.2706270627063,0.7632498927829464,311.74498567335246,1.8425439143977684,437.0975609756098,1.525829379115016,188.94818652849742,-0.044947024434815686,739.5412186379929,0.05582850095832562,828.6853146853147,2.5497235822147375,330.22996515679444,0.3793045458073528,704.8048780487804,1.3634871036779772,891.0754716981132,3.4342195311261157,186.5995475113122,-0.0965308062409705,299.80115273775215,-0.15344407614562933,354.0565610859729,0.8551007344341064,239.39195979899498,-0.16791810198437712,459.9669421487603,1.167149068726069,358.8251366120219,0.6799942008880602,248.19636363636363,0.17939590821122475,553.6156716417911,0.9868778549853442,449.1374045801527,1.1306388500497928,232.1639344262295,0.22425887920187226,461.2741935483871,0.3919911740130931,289.0,0.4795388167790469,240.28861788617886,-0.17264015377724704,215.81981981981983,-0.01507510141431844,334.26453488372096,0.8471048935072727,497.82608695652175,1.0291209490284938,454.2027649769585,0.6955866021098828,261.3690476190476,0.23402780379960275,208.5703422053232,-0.31581121009363006,326.66141732283467,0.37906402530799344,589.1055900621118,0.7741611877429141,254.34796238244513,0.309785640361529,150.83155080213905,-0.4352166527426587,896.4220532319391,3.1688150938058106,865.2068965517242,1.5822575890792474,572.6444444444444,0.5591139065207948,304.8987951807229,0.3393719707332107,412.517571884984,1.0286297354717187,527.5119617224881,0.3754447929936527,516.7062937062936,0.8311162633168762,513.1782945736434,0.5596205394538449,380.3941605839416,0.42206873759738267,536.9380952380952,0.27856416614065793,460.09254498714654,0.2825499652446846,730.1949152542373,0.323691849176349,327.3779069767442,-0.46660077865733696,691.0890688259109,1.5824053171336023,369.22,0.16212979840441408,536.1350364963504,0.13921390381243298,618.6291666666667,1.2828853516569318,221.50943396226415,-0.058654569169199804,963.5473372781065,2.7528308409300415,877.046511627907,0.26732875116495836,380.2116788321168,0.6224519460383601,571.7782258064516,-0.008577969642284234,591.3253012048193,1.3284859815711605,720.0044642857143,0.4961409302584464,866.5858585858585,0.7397284040187371,432.1639344262295,0.09333300563890418,576.9072164948453,0.4434226691454218,466.9349593495935,0.5578454050225661,552.6053811659193,0.24589720114358268,1010.8,1.405318690853522,1017.9256756756756,1.240111883582918,450.286432160804,-0.22527887397547708,883.4694835680751,1.2477543837296343
6,155.49240121580547,-0.4522257755949916,95.65079365079364,-0.5884514887148057,147.0247678018576,-0.16170240308800338,162.97910447761194,-0.06577283797580498,179.45244956772333,-0.006574620793811442,161.2355072463768,-0.20837698197788646,121.56838905775076,-0.6524914031290486,193.5967365967366,-0.42263539713093107,334.3394495412844,0.8026017850861765,138.82208588957056,-0.3926591961350063,189.1640866873065,-0.25292228435416303,180.66778523489933,-0.10625170615099729,440.784375,1.401631156566058,619.1421052631579,1.5178254200406665,213.88778877887788,0.08288667296663549,383.46418338108884,2.4964917831959754,358.79442508710804,1.0733437585991665,154.2642487046632,-0.22025962537356433,379.96774193548384,-0.4575275031740445,766.4685314685315,2.283214234600651,192.16376306620208,-0.19737037851543318,419.0081300813008,0.40509854943829915,471.66415094339624,1.3471214915831382,161.95701357466064,-0.2158439051464029,258.78386167146977,-0.26926561457378295,384.8981900452489,1.0166973119922447,194.53768844221105,-0.3238232012032409,310.0110192837466,0.46062690635342984,202.80601092896174,-0.050476436843691214,169.0290909090909,-0.19679637821398946,331.6529850746269,0.19027333462288173,401.31297709923666,0.9037671129530348,137.3306010928962,-0.2758211640855374,257.8198924731183,-0.22197465232804325,167.87747035573122,-0.14054936382706543,193.4390243902439,-0.33395229919378927,172.51351351351352,-0.2127096809560354,198.60174418604652,0.09744892222184558,250.05016722408027,0.019195349372625736,304.6774193548387,0.13739279030960114,181.43154761904762,-0.14338910330872703,268.20152091254755,-0.12019862409987199,220.33464566929135,-0.06981489928696609,422.17184265010354,0.27142045572637014,179.24451410658307,-0.0769657107086549,140.83689839572193,-0.47264127120444704,448.1596958174905,1.084168832776334,1040.727969348659,2.106109888546118,338.6,-0.07810863465181594,179.29156626506025,-0.21240063181640145,235.80511182108626,0.1596142666859859,305.20095693779905,-0.20421317904139574,308.15734265734267,0.09205544556636487,376.984496124031,0.1457085567096668,245.3941605839416,-0.08261640078891638,1316.2761904761905,2.1343344508657416,392.3701799485861,0.09376769117214984,693.8940677966102,0.2578859459934643,289.9593023255814,-0.5275671852452959,462.01214574898785,0.7264093379301303,447.324,0.4079642217145769,339.85766423357666,-0.2778487693282035,389.3541666666667,0.4368073339950696,220.2754716981132,-0.06389852071743961,574.4408284023668,1.2373361159479666,511.53953488372093,-0.2608273890601475,266.24087591240874,0.13611193787074394,434.6975806451613,-0.24626587977014583,427.0240963855422,0.6815103635865248,566.6607142857143,0.1774986548915565,910.0858585858585,0.8270575299501373,393.3497267759563,-0.004863190135988123,506.5704467353952,0.26743997202802555,418.1626016260163,0.3951251120772146,494.4887892376682,0.1148682577217097,1159.3224489795919,1.7587455038154838,1621.043918918919,2.567372189693229,754.9849246231156,0.2989571285298736,592.037558685446,0.5062829476500661
7,206.40729483282675,-0.27286095684079775,104.0952380952381,-0.5521182978744932,175.9752321981424,0.003365735401416828,112.08358208955224,-0.3575156328128416,163.27377521613832,-0.09613765401789276,160.15579710144928,-0.21367806868089512,127.37082066869301,-0.6359048966927389,151.72960372960372,-0.5474959757028232,163.11009174311926,-0.12058674815335922,137.85889570552146,-0.39687311279608134,193.80495356037153,-0.2345938147019026,145.53020134228188,-0.2800743697385993,249.94375,0.36182843910689355,373.9789473684211,0.5208361573859382,154.52475247524754,-0.21766083022202742,251.55587392550143,1.2937293346145025,407.7177700348432,1.3560541487412499,140.33678756476684,-0.290657036685688,236.74551971326164,-0.6620030623204384,716.8776223776224,2.0707885811663136,183.390243902439,-0.23401561408501742,362.4024390243902,0.21527747274800926,283.18490566037735,0.4092005441540992,140.8846153846154,-0.31787128333270454,228.5187319884726,-0.35472600918998975,275.29411764705884,0.442420155316481,161.11306532663318,-0.4400009703556352,240.11845730027548,0.13132584853007975,149.77868852459017,-0.29874665271847584,158.94181818181818,-0.24472974841028478,499.160447761194,0.791442855654917,263.35114503816794,0.24929737559474144,130.41256830601094,-0.3123016927554421,157.8978494623656,-0.523510276704424,131.02371541501975,-0.32922258520715264,369.9308943089431,0.2737430949537174,171.63513513513513,-0.21671828746847926,155.75,-0.13934456952235774,213.22073578595317,-0.13092006809933784,239.00460829493088,-0.1077707074549323,144.83333333333334,-0.31618390976880123,282.638783269962,-0.07283899972836785,194.9251968503937,-0.17708577644236545,309.9130434782609,-0.06666020049743325,143.93103448275863,-0.2588153630087476,197.04010695187165,-0.26219036695971976,263.97338403041823,0.22760949905398473,954.5747126436781,1.8489807534953213,209.05777777777777,-0.4308075599757449,152.78313253012047,-0.3288479700604648,173.15654952076676,-0.1484713641545238,315.511961722488,-0.1773280676681412,225.3006993006993,-0.20157393155215086,298.9031007751938,-0.09159171343608626,229.29562043795622,-0.14279931902146478,1806.7380952380952,3.3022288912995,356.4344473007712,-0.0064064437071381635,858.3771186440678,0.5560595831772177,532.9263565891473,-0.13169918439906644,302.79352226720647,0.13145416006199293,374.504,0.17876132934739905,278.6131386861314,-0.40798504151066955,273.725,0.01010884476935209,208.61509433962263,-0.11345145736594338,502.5266272189349,0.9572441872375291,300.0093023255814,-0.5664877410567064,243.13138686131387,0.0374983560942183,324.52016129032256,-0.4373055449170364,365.859437751004,0.4406597693232215,494.35267857142856,0.027245403439766905,781.459595959596,0.5688318038127982,364.44262295081967,-0.0779953702921448,333.22680412371136,-0.16626606621180354,380.8292682926829,0.2705690885391158,427.31390134529147,-0.03658340681993063,1375.069387755102,2.272140977035869,1240.8243243243244,1.7306368046101588,822.3668341708543,0.41488820064324455,373.6807511737089,-0.04926818391756514
8,419.7841945288754,0.47883086104250255,117.25661375661376,-0.4954899694188055,189.30340557275542,0.07935956880928283,116.4,-0.33277310604836324,307.0835734870317,0.6999746516372738,148.731884057971,-0.26976641221977576,146.5775075987842,-0.5810017357859596,148.82750582750583,-0.5561509180958972,134.8256880733945,-0.2730830109039747,152.49079754601226,-0.33285915587465614,188.42414860681114,-0.255844568708326,170.5704697986577,-0.15620227388426963,166.828125,-0.09103034155533103,222.2263157894737,-0.09628651945920871,179.73927392739273,-0.09000291481860363,176.7621776504298,0.6117476638498361,383.96515679442507,1.2187963516043947,126.52072538860104,-0.36049137346536725,258.7956989247312,-0.6305224536998869,450.77272727272725,0.930912195333016,188.42857142857142,-0.21297152725673352,322.130081300813,0.0802284668757866,180.8679245283019,-0.09995493202246711,142.9185520361991,-0.3080234614527942,198.43515850144092,-0.43967373908892154,206.59049773755657,0.0824433895661886,177.93467336683418,-0.3815321915482023,215.33608815426996,0.014562917775325986,136.93169398907105,-0.3588953828835231,165.71636363636364,-0.21253801492949956,711.3358208955224,1.5529215706697221,195.4732824427481,-0.07270477704123185,131.97814207650273,-0.30404602809199216,134.747311827957,-0.5933718568913814,133.0513833992095,-0.3188419156910666,586.0365853658536,1.0178364810391158,184.94594594594594,-0.15597248108759998,149.96802325581396,-0.17129506508434267,208.09698996655518,-0.1518042689317977,237.5668202764977,-0.11313812106117281,151.57738095238096,-0.28434256379510614,265.41444866920153,-0.12934126425375997,221.46456692913387,-0.06504471928330952,238.33954451345755,-0.2822122612424745,148.13166144200628,-0.23718389083101796,213.49197860962568,-0.2005869219636299,211.5703422053232,-0.01609110038371085,540.528735632184,0.6132377530328363,172.11555555555555,-0.5313885277354627,146.7253012048193,-0.35545906072000244,166.3897763578275,-0.18174819449366386,305.82296650717706,-0.20259133937618776,188.979020979021,-0.3302915738489455,278.7325581395349,-0.15289281077232353,190.66788321167883,-0.2872055775962307,906.4190476190477,1.1583771463992654,299.2390745501285,-0.16584376589966107,707.2245762711865,0.28205139147185293,511.6162790697674,-0.16641984976270832,283.4331983805668,0.059110079390560295,310.228,-0.023549095121053704,269.16058394160586,-0.42807043242614456,219.2625,-0.19087043355104563,190.21132075471698,-0.19166170721537795,506.92011834319527,0.9743559868892756,263.93488372093026,-0.6186151337013405,215.14598540145985,-0.08192188159725347,313.875,-0.45576348357857166,314.3293172690763,0.2377474925673157,390.85714285714283,-0.18781424516224798,509.74747474747477,0.02335175667667815,352.3606557377049,-0.10856158018349872,246.00687285223367,-0.3844904572386082,317.890243902439,0.06058423309046789,372.86995515695065,-0.15933204895611583,1177.2897959183674,1.8015009405160047,619.7601351351351,0.3638835102235027,666.9597989949749,0.14750925096928605,250.61971830985917,-0.3623644268900603
9,130.4224924012158,-0.5405429521865139,150.2962962962963,-0.3533329454825075,274.91640866873064,0.5675030009179277,140.2865671641791,-0.19585076914009544,261.8242074927954,0.4494246985228818,170.20652173913044,-0.16433171125087462,167.03951367781156,-0.5225101897779777,359.54079254079255,0.07226046548991366,146.05504587155963,-0.21253957087583544,146.49386503067484,-0.35909548413071196,276.64396284829724,0.09256753452126698,207.68456375838926,0.02739801828256057,182.440625,-0.0059650158348183565,195.6,-0.20456604715870577,282.76237623762376,0.43158995000250633,143.55014326647566,0.3089146735485969,307.35540069686414,0.7760961630099936,235.55958549222797,0.19065383574519348,434.10035842293905,-0.3802434277520373,173.45104895104896,-0.2570119586887712,175.68641114982577,-0.26619298336394936,219.3821138211382,-0.2643257546268178,199.30943396226414,-0.008185262771346796,180.59728506787332,-0.12559228727256352,201.88760806916426,-0.42992497192550355,163.90271493212668,-0.14122182649652817,209.85175879396985,-0.27059434282664585,215.93388429752065,0.01737945356609762,149.56284153005464,-0.29975723325506426,195.45818181818183,-0.07120887475808674,262.84328358208955,-0.05667861978662926,226.58396946564886,0.07487954291692261,133.12295081967213,-0.2980091633555427,117.98387096774194,-0.6439590392004694,265.34387351778656,0.35843100575804504,458.8089430894309,0.5797672812779933,333.36486486486484,0.5213586777765596,155.1656976744186,-0.14257335263344828,201.74247491638795,-0.17770504019920882,238.9447004608295,-0.10799434968852564,152.73809523809524,-0.2788623674448233,258.43726235741445,-0.15222904690367045,236.91732283464566,0.00019206299666286176,238.90683229813664,-0.28050380695713634,181.57993730407523,-0.06493925789342464,278.72727272727275,0.04368430361976015,278.25475285171103,0.29402507382455406,251.01149425287358,-0.25084238398479397,255.58666666666667,-0.3041253954573995,180.3132530120482,-0.20791252424295523,199.5143769968051,-0.018851982521895613,425.1291866028708,0.10848998410042643,201.17832167832168,-0.28705939691657,290.2829457364341,-0.11778956902328688,196.9890510948905,-0.2635744702784403,568.9428571428572,0.35477433278779624,309.19280205655525,-0.1380968419242263,380.90677966101697,-0.3094950553610093,342.9031007751938,-0.4413054667049784,299.3927125506073,0.11874629143714917,299.692,-0.05671143615347044,493.11678832116786,0.04780598770405278,215.58333333333334,-0.20444741333506447,225.40754716981132,-0.04208881397246699,579.5591715976332,1.2572710744648161,273.5627906976744,-0.6047028460821563,250.75912408759123,0.07004769057194074,341.8346774193548,-0.4072834280183119,282.6586345381526,0.11303654139460347,306.70535714285717,-0.3626783428263975,409.2020202020202,-0.17849989072170996,558.9617486338798,0.414119226497781,243.56357388316152,-0.3906035947044313,438.5487804878049,0.4631399703136655,331.0493273542601,-0.25362031487836795,693.9918367346938,0.6514360271049912,451.9054054054054,-0.005508267357485589,227.10552763819095,-0.6092632654864878,490.15023474178406,0.24705760563155976
10,421.78115501519756,0.4858658252787573,170.08201058201058,-0.26820264025233914,906.328173374613,4.16765128156848,166.76119402985074,-0.0440931827817566,168.38904899135446,-0.06782016488844061,193.63768115942028,-0.049291014242964545,173.67477203647417,-0.5035430113859063,683.4662004662005,1.0383049752980757,208.55963302752295,0.12445590045726349,291.7453987730061,0.2763738844527947,468.3219814241486,0.8495736806925444,155.85570469798657,-0.22899497561587456,152.771875,-0.1676163774021817,182.16842105263157,-0.25918738629472404,212.26402640264027,0.07466577056107476,118.70773638968481,0.08239737340954541,195.61324041811847,0.13037846399591935,268.0777202072539,0.3550192201926967,726.415770609319,0.037089556099993426,180.993006993007,-0.22470552602587446,344.73519163763063,0.4398899769734285,226.8821138211382,-0.2391753139450523,179.29811320754717,-0.10776671479481544,171.13348416289594,-0.17141368763259143,288.53602305475505,-0.18525370122225773,147.65837104072398,-0.22633504736415086,193.82914572864323,-0.32628596380573466,224.77685950413223,0.05904341618534617,195.58196721311475,-0.08429890442267567,207.9709090909091,-0.011750069118053619,293.1641791044776,0.05214040204145417,213.73664122137404,0.013933791355255567,148.24043715846994,-0.2182908516925954,293.8333333333333,-0.11329657641482134,152.07509881422925,-0.22144978629355921,648.089430894309,1.231496342191699,291.0810810810811,0.328390527354457,151.04651162790697,-0.16533547038675786,243.438127090301,-0.0077550847303593465,280.94930875576034,0.04881326255789358,202.9077380952381,-0.04199141904297964,270.13307984790873,-0.1138623878131394,267.6692913385827,0.13001741494287056,273.1656314699793,-0.17732937973271634,168.17241379310346,-0.13398239707562576,168.08021390374333,-0.37062965068353704,208.1406844106464,-0.03204074054426811,253.73946360153258,-0.24270060936253268,240.72,-0.3446022165782196,175.83132530120483,-0.22760092067363943,167.45367412140575,-0.17651628490776508,311.60287081339715,-0.18752070617948635,220.22727272727272,-0.21955326337470088,252.36821705426357,-0.23301772700619858,232.6897810218978,-0.1301105604732286,373.6857142857143,-0.11017458451606554,295.19023136246784,-0.1771302858535118,564.6864406779661,0.023659331571180796,421.3003875968992,-0.3135721931550146,227.07692307692307,-0.15147745782113842,292.688,-0.07875671297494419,411.9890510948905,-0.12457940019559778,216.83333333333334,-0.199834622921468,203.47169811320754,-0.13530927375814747,320.56804733727813,0.2485506504148315,355.54883720930235,-0.4862333321385044,206.27007299270073,-0.11979747080769416,395.97983870967744,-0.3133996400080481,255.26104417670683,0.005151921955059439,299.54464285714283,-0.3775580251952727,714.8131313131313,0.43503461981294245,492.6174863387978,0.24627465196547516,207.24742268041237,-0.4814666562217581,236.8170731707317,-0.20990197481935793,314.36322869955154,-0.29124058482225607,399.9551020408163,-0.048259316936087086,227.78040540540542,-0.49873197504592975,418.7437185929648,-0.2795483452004476,253.31924882629107,-0.3554961856376117
11,321.3890577507599,0.1322009337121483,169.06084656084656,-0.27259631558578545,470.2260061919505,1.6811083390213477,222.34925373134328,0.2745481266291112,179.73198847262248,-0.005027129838568111,187.0326086956522,-0.08172014531539683,179.49848024316108,-0.48689568486313556,515.1678321678322,0.5363878341093558,226.0,0.21848619416109738,272.02147239263803,0.19008253371804334,454.0030959752322,0.7930231989435756,182.60402684563758,-0.0966732822287314,156.675,-0.14635004597205345,165.67105263157896,-0.32627617450861474,177.3993399339934,-0.10184970304125122,118.31518624641834,0.07881803429546813,164.9651567944251,-0.04672577300214093,263.33678756476684,0.3310558156723867,789.4551971326165,0.12708970961401467,157.9055944055944,-0.32360185188266977,304.98257839721254,0.2738512586996453,300.5609756097561,0.007898798443565575,181.27169811320755,-0.09794565135746412,208.58597285067873,0.009922066983689097,350.4207492795389,-0.01050827044826972,133.52488687782807,-0.30038829120259636,179.02763819095478,-0.37773324923584484,227.15977961432506,0.07027062106561091,208.21584699453553,-0.02514796263552577,191.92363636363638,-0.08800456179153987,279.2649253731343,0.0022572053506331323,198.59541984732823,-0.05789383682214585,133.8879781420765,-0.2939749816700873,717.491935483871,1.1651816979749448,179.79446640316206,-0.07954016579392906,614.1788617886178,1.1147357420125408,312.3198198198198,0.4253165771297009,147.52906976744185,-0.1847724234435712,232.5685618729097,-0.0520590355825099,361.29493087557603,0.3487519043040616,243.50892857142858,0.14970303893281386,304.3384030418251,-0.0016561247512350144,288.56692913385825,0.2182408137561427,322.71221532091096,-0.02811398008881761,165.43573667711598,-0.14807513977051984,156.92780748663102,-0.41238943762952934,204.1977186311787,-0.05037752197054089,285.9463601532567,-0.1465773544822961,297.8,-0.1891930047233042,190.60722891566266,-0.16269272340860938,182.75399361022363,-0.10127419780004926,295.25837320574163,-0.23013766230525795,238.73426573426573,-0.15396773385247003,249.0077519379845,-0.24323065002512972,259.45255474452557,-0.030060381511705606,408.8142857142857,-0.02652596089518507,334.3727506426735,-0.0679054368778978,670.9322033898305,0.2162608509370791,422.2519379844961,-0.31202182513995924,213.2753036437247,-0.20305022465696312,319.788,0.00654125987798806,469.7189781021898,-0.0019111710446384858,239.71666666666667,-0.11538980641656224,188.62264150943398,-0.19841309437687307,277.6301775147929,0.08131593772406003,819.9069767441861,0.18476234855545232,189.04379562043795,-0.19330601565690478,437.2782258064516,-0.24179122797341002,222.13654618473896,-0.12528377742010308,265.72767857142856,-0.44782834560938056,800.7020202020202,0.6074622426608924,641.8415300546449,0.6237970670324555,205.340206185567,-0.48623851458115597,193.9471544715447,-0.3529298302454021,375.4170403587444,-0.15358942242342882,274.9183673469388,-0.34579908247078894,231.34797297297297,-0.49088095930424674,372.4924623115578,-0.35912397259484424,271.943661971831,-0.3081112933794136
12,265.2705167173252,-0.06549548134717245,194.36507936507937,-0.16372195142927246,247.40247678018576,0.41062560312566193,206.87761194029852,0.18586173920152416,197.4178674351585,0.09287959173182508,195.09782608695653,-0.04212209497681513,194.00911854103344,-0.4454163858966908,298.037296037296,-0.11116174739463465,196.20489296636086,0.05784492613436508,242.94478527607362,0.06287324699724889,284.1021671826625,0.1220226935554865,222.84228187919464,0.10238197124074978,185.503125,0.010721136928612861,158.3684210526316,-0.3559733171619162,165.04950495049505,-0.16437534694695957,105.79656160458453,-0.03532891891185775,169.58188153310104,-0.020047383504365905,197.26683937823833,-0.00289976109344129,1139.5125448028673,0.6268597228673918,164.83916083916083,-0.2939015014095477,302.85714285714283,0.26497373935991275,334.2926829268293,0.12101443897326224,211.56603773584905,0.0528067334896803,196.7058823529412,-0.047598414319324565,426.0345821325648,0.2030043779939348,145.13348416289594,-0.2395643446466392,182.12562814070353,-0.3669652127504729,226.89807162534436,0.06903757544292292,213.44262295081967,-0.0006765630596569423,211.6,0.005494885264030964,339.8768656716418,0.21978811730920894,202.16412213740458,-0.040964461388349416,161.17486338797815,-0.15008436562492997,576.6397849462365,0.7401309296219484,214.93675889328063,0.10037120392833117,364.1666666666667,0.2538957524634219,301.6261261261261,0.37651436246025666,155.80232558139534,-0.13905542476614074,215.40133779264215,-0.12203201395915249,300.64516129032256,0.1223399476638943,218.08333333333334,0.029658635290591026,311.24334600760454,0.020994672683226794,271.81496062992125,0.14751915551377767,334.648033126294,0.007832147484082804,165.85579937304075,-0.14591199255274687,216.31550802139037,-0.19001431706912794,202.68821292775667,-0.05739748554453335,374.2068965517241,0.11684107276266349,453.3377777777778,0.23428287926599875,201.14698795180723,-0.1163932363183874,201.1150159744409,-0.010980550982750564,256.0287081339713,-0.3324258424209492,222.2762237762238,-0.21229214108110034,254.10077519379846,-0.22775224074384307,276.03284671532845,0.03192352180510842,412.01428571428573,-0.018906078141595187,416.7609254498715,0.1617591205830294,535.1355932203389,-0.02991022239140094,414.6492248062016,-0.32440898139874125,208.37246963562754,-0.2213707352577797,350.42,0.1029562969418633,426.43430656934305,-0.09388520048770194,246.40416666666667,-0.0907113777038212,187.89811320754717,-0.20149211179969279,233.45857988165682,-0.09072390658609038,880.6139534883721,0.27248369058713917,209.66058394160584,-0.10532936950156778,551.891129032258,-0.043060755050879744,220.35341365461846,-0.13230529178995912,358.10267857142856,-0.2558767324069093,880.7222222222222,0.7681080886213133,540.4153005464481,0.36719850448454927,226.15463917525773,-0.4341607738912952,219.3170731707317,-0.2682876108528417,408.2690582959641,-0.07952167246134229,239.28979591836736,-0.4305815011347706,337.44256756756755,-0.25740245707714887,377.78391959798995,-0.35001998132514633,341.3568075117371,-0.13150790743601584
13,234.16413373860183,-0.17507816626929168,215.97883597883597,-0.07072628439752016,156.0061919504644,-0.11049262127238922,185.79402985074626,0.06500664477724309,182.7579250720461,0.011724060914065545,213.1485507246377,0.046502112923820116,207.66565349544072,-0.4063785789724688,205.04428904428903,-0.38849529906475655,163.1651376146789,-0.1202899665845937,238.33128834355827,0.04268939139770513,195.5015479876161,-0.22789334681034912,215.71812080536913,0.06713934734652001,189.1,0.0303188530823978,187.24736842105264,-0.23853315735026567,169.58745874587459,-0.14140026400458947,100.53581661891117,-0.08329728835306865,183.21951219512195,0.058759572340382676,175.46891191709844,-0.11307904286059323,759.9498207885305,0.08496546218807524,185.1818181818182,-0.20676250037443708,267.8850174216028,0.11890216294533118,245.3170731707317,-0.17735566706602432,205.97735849056605,0.02499603568716157,184.5656108597285,-0.10637862812088084,397.0317002881844,0.1211082237930679,150.5,-0.2114461608168341,186.33165829145727,-0.3523458347484352,211.50964187327824,-0.0034655071711337903,208.4945355191257,-0.023843162449044514,219.53454545454545,0.04319878352225603,252.59701492537314,-0.09345157498474849,198.53435114503816,-0.058183537364328436,165.9016393442623,-0.12515888592550858,367.05913978494624,0.10767758107388263,218.72332015810278,0.11975654778098287,223.4959349593496,-0.23046058524932822,246.4144144144144,0.12454774695757057,184.03488372093022,0.01695423481052994,227.08026755852842,-0.07442912276662654,265.4331797235023,-0.009110075942785888,196.36904761904762,-0.07286319181624006,460.0722433460076,0.5092091623196278,247.96850393700788,0.046846750349499276,309.2443064182195,-0.0686741812790545,172.82758620689654,-0.11001020589358969,282.1898395721925,0.05664976132655939,205.50570342205324,-0.04429473237494022,489.46360153256705,0.46083105055320334,540.96,0.47284805965373194,200.19036144578314,-0.12059554458880763,198.5079872204473,-0.02380108618423229,358.1578947368421,-0.06613224508353871,223.22027972027973,-0.20894657278882708,312.3643410852713,-0.05068112330373591,282.2153284671533,0.05503616371985288,434.04285714285714,0.03354865045677723,401.8483290488432,0.1201888969307832,523.3008474576271,-0.05136416047822199,514.75,-0.16131405530172166,225.47773279352228,-0.15745318175782086,367.716,0.15739591828740995,383.2992700729927,-0.1855412758660801,264.17083333333335,-0.025148249958570186,196.69056603773586,-0.16412695244985007,232.3698224852071,-0.09496440643244916,751.413953488372,0.08579020001433814,236.55109489051094,0.009418714915589717,564.4153225806451,-0.021344710549846182,244.77911646586347,-0.036123196300175034,377.48660714285717,-0.215597691979443,661.9242424242424,0.3288566787060547,423.6775956284153,0.07186338828871304,220.47766323024055,-0.44836457571061994,217.0528455284553,-0.2758418034824933,541.9641255605382,0.22190555895684624,254.5061224489796,-0.3943724443379642,377.36486486486484,-0.16954691444507602,397.33668341708545,-0.31637930703227385,388.63849765258215,-0.011212154995301742
14,200.25835866261397,-0.29452265037191444,182.88095238095238,-0.21313372506266745,135.13003095975233,-0.2295231482571139,170.55522388059703,-0.022345083530268324,188.01152737752162,0.04080731876363811,186.72826086956522,-0.08321441136590939,258.0759878419453,-0.26227841697865123,168.68065268065268,-0.49694277001411985,153.045871559633,-0.17484831164263112,339.319018404908,0.48450647520633433,176.6996904024768,-0.30214871452094105,209.748322147651,0.03760725695187348,205.60625,0.12025381113999338,253.1342105263158,0.02940463025719698,180.92079207920793,-0.08402103867797191,115.35816618911174,0.05185542140694434,188.9512195121951,0.09188104458479021,147.68393782383419,-0.25352030705749184,450.8673835125448,-0.3563054747079964,246.85664335664336,0.057425337243011354,231.10104529616726,-0.03473713487361273,250.5772357723577,-0.15971627940087282,214.3622641509434,0.06672147155292568,176.12217194570135,-0.14725968624749433,418.8184438040346,0.18262798986605622,145.50226244343892,-0.2376321085740177,199.22613065326632,-0.307527048663335,227.55922865013775,0.07215263806866118,249.54644808743168,0.16835902188311944,219.90545454545455,0.04496129388996409,224.54850746268656,-0.19411519633371518,237.9770992366412,0.12892680031786607,161.0136612021858,-0.15093442533722237,299.0833333333333,-0.09745360543187571,210.13438735177866,0.07578540770602255,226.6382113821138,-0.21964112421618406,215.85585585585585,-0.014910645762525931,173.1453488372093,-0.04322000167775344,270.494983277592,0.10252767292930151,253.55299539170508,-0.053460051189222334,199.9077380952381,-0.056155618840633935,415.38783269961976,0.36262757011159075,260.6732283464567,0.10048218892719896,356.40372670807454,0.07335199285026421,176.12225705329155,-0.0930440288347882,270.4385026737968,0.012647300615066692,230.7148288973384,0.07294042756352455,498.1455938697318,0.48674293439315286,536.5911111111111,0.460953077542591,194.52289156626506,-0.14549183943018903,213.629392971246,0.05056116027240148,382.10526315789474,-0.0036914179730331343,205.993006993007,-0.2699969986259765,408.71317829457365,0.2421364550175911,261.92335766423355,-0.02082351104164566,413.42857142857144,-0.015538362103178285,378.4987146529563,0.055099715508036794,500.6271186440678,-0.0924669254988378,677.1569767441861,0.10329682127193353,272.36032388663966,0.01773386428466972,349.108,0.09882674194617887,371.13138686131384,-0.2113963698090122,257.1125,-0.05119513982734486,212.97735849056605,-0.09491320663271663,253.3905325443787,-0.013092799344463937,609.8046511627907,-0.11883468348985565,259.11678832116786,0.10571179389920597,514.2620967741935,-0.10830677156203412,260.8072289156627,0.02699136192076023,359.19642857142856,-0.2536039629677731,569.3333333333334,0.142974307209438,356.59016393442624,-0.09786133303021603,226.37113402061857,-0.4336191034829311,250.33739837398375,-0.16479381559813444,720.506726457399,0.6244454804338424,310.8204081632653,-0.2603659109083669,475.27702702702703,0.04592480735933592,438.964824120603,-0.2447577840710416,451.0845070422535,0.14766519613308063
15,729.9817629179331,1.5716060134488814,198.47354497354496,-0.14604480688823074,121.19195046439629,-0.3089945159695907,161.0089552238806,-0.07706610745336764,205.0778097982709,0.13528403460849192,179.1195652173913,-0.1205710626287223,213.14589665653494,-0.3907130624168551,155.36130536130537,-0.5366651321298033,211.17125382262998,0.13853653710868802,284.4877300613497,0.2446218882104274,208.6934984520124,-0.175793540814164,253.8523489932886,0.255786157489726,201.203125,0.09626320987093774,263.61052631578946,0.07200799058252774,246.03630363036302,0.24565051510600094,121.40401146131805,0.10698246907630982,179.29965156794424,0.03610810955925278,149.98704663212436,-0.2418790684681171,289.0967741935484,-0.5872622025168339,270.7762237762238,0.15988630425593528,218.49128919860627,-0.08740556518589447,236.02032520325204,-0.2085313081712805,192.48301886792453,-0.04215525083667861,194.18778280542986,-0.05979043406608797,363.5100864553314,0.02645241440669236,137.6787330316742,-0.2786239634152768,211.5075376884422,-0.2648391635534422,224.6694214876033,0.05853721850866369,227.50273224043715,0.06515188556419105,214.54545454545453,0.01949129112524188,194.794776119403,-0.30089871590756906,239.21374045801528,0.13479323629706408,164.7704918032787,-0.13112371170328913,239.7311827956989,-0.27656110995438277,225.7509881422925,0.15573477468078925,255.53658536585365,-0.12013847417139455,185.35585585585585,-0.1541017980484595,171.88081395348837,-0.05020766661966567,242.44481605351172,-0.011803784239002009,268.5990783410138,0.002708555940186127,188.3422619047619,-0.11076085734627344,376.532319391635,0.23516694291843812,231.68897637795277,-0.021880407542904788,345.7846790890269,0.041371474494426214,181.4639498432602,-0.06553654481176487,397.20588235294116,0.48732321979426585,219.44106463878327,0.02051173235725786,431.13793103448273,0.2867548776955014,401.03555555555556,0.09188191336172064,196.6,-0.13636743205209775,194.00958466453673,-0.04592279398286757,374.5933014354067,-0.023278250852852005,206.76573426573427,-0.2672585890237824,376.8178294573643,0.14520203342268398,262.12773722627736,-0.020059456763472233,386.1857142857143,-0.08040941750985549,312.4344473007712,-0.12906045991673062,458.6737288135593,-0.1685197149716686,663.4864341085271,0.08102330604138326,277.7085020242915,0.03771850053873966,329.576,0.03734925095859696,379.6970802919708,-0.19319543835008554,284.70416666666665,0.05062452056877416,224.3811320754717,-0.046450755321461513,268.36686390532543,0.04523711973778536,500.89302325581394,-0.27621155638397,239.0,0.019868764405805924,936.483870967742,0.6237952038879753,263.9718875502008,0.03945296850509908,448.64285714285717,-0.06773780589621327,398.72727272727275,-0.19952863879807403,335.04918032786884,-0.1523579406248417,231.42268041237114,-0.4209801272877693,227.9471544715447,-0.23949488023749074,556.4260089686098,0.25451114094261307,661.0734693877552,0.5731028610464496,949.3851351351351,1.0892772175154308,581.105527638191,-0.00020365581398948754,522.5117370892019,0.329392887289175
16,602.9331306990881,1.1240345216509857,223.06613756613757,-0.04023235637082923,115.58823529411765,-0.3409454656718526,170.23582089552238,-0.02417596206678239,200.43804034582132,0.10959887545445364,162.45289855072463,-0.20239991777583644,172.9696048632219,-0.5055587628229016,428.4755244755245,0.27784489230949844,316.96941896024464,0.7089507122757649,276.2546012269939,0.20860229483996523,227.85758513931887,-0.1001075987544631,238.71812080536913,0.18091840724809813,173.703125,-0.05357163127007728,225.38684210526316,-0.08343381015232042,236.5082508250825,0.19741119550263916,111.41833810888252,0.015931397451789196,169.6445993031359,-0.019684960099867782,170.21502590673575,-0.1396352091814613,230.13978494623655,-0.671433940358097,233.35664335664336,-0.0004027278990583989,195.7177700348432,-0.18252600191456902,246.7520325203252,-0.1725436857323315,181.19245283018867,-0.09833999616087598,196.60180995475113,-0.048102307318741606,265.9971181556196,-0.24889736398109918,164.37782805429865,-0.13873244259928566,237.13316582914572,-0.17576924942991592,218.05234159779613,0.02736063339606711,208.24590163934425,-0.025007248889924918,212.33454545454546,0.008985346972629317,224.3134328358209,-0.1949588584522445,203.41221374045801,-0.03504370655749226,247.30327868852459,0.30409245319868977,216.08064516129033,-0.3479315445206682,194.58498023715416,-0.0038199604738640563,251.890243902439,-0.13269352791878186,178.75225225225225,-0.18423829623944735,174.4593023255814,-0.03595925557719167,292.10367892976586,0.1906039272233766,261.84331797235023,-0.02251140670964931,221.17261904761904,0.0442443886536516,293.22813688212926,-0.03810195630602431,253.0984251968504,0.06850369998282516,350.2670807453416,0.054870757442445205,189.36677115987462,-0.02484031991620039,369.60427807486633,0.38396999978863705,217.02281368821292,0.009265644616554394,344.2528735632184,0.027441642991822418,320.7688888888889,-0.1266566186089849,200.89638554216867,-0.11749409289300632,191.83067092651757,-0.05663799619783146,403.75598086124404,0.05276107806593542,236.93006993006992,-0.1603614865888145,324.9108527131783,-0.012550521444127792,247.47445255474452,-0.07483941974322326,478.03333333333336,0.13829936009615576,308.8688946015424,-0.13899976352053428,499.1525423728813,-0.09514002627012817,589.3720930232558,-0.03973173265466556,275.6518218623482,0.03003326570371513,304.9,-0.04031911723767456,448.12773722627736,-0.04778961608554604,274.6625,0.013568437579549432,240.66037735849056,0.022730917397517564,294.15976331360946,0.1456954829458157,503.28372093023256,-0.2727570076708006,237.86496350364965,0.015025298844766891,1050.4233870967741,0.8213580723572947,264.4698795180723,0.04141393197776155,658.2946428571429,0.36791035084138857,324.2020202020202,-0.34914301035777945,376.7049180327869,-0.04697294831286015,544.7044673539519,0.36285134538701275,331.7479674796748,0.10681806194950307,506.99103139013454,0.14305565697018047,854.8285714285714,1.0341661459564286,887.0304054054054,0.9520554395379267,991.4522613065327,0.7058009245205438,431.4600938967136,0.09773606841962763
17,257.1732522796353,-0.09402081578458937,419.73280423280426,0.8059485355680287,108.51702786377709,-0.3812636806552593,153.35223880597016,-0.1209558592866227,176.30835734870317,-0.023979905661547903,208.43478260869566,0.023358778022429808,538.0851063829788,0.5381399866002732,832.4032634032634,1.4824807899672183,193.77064220183487,0.044720585648962384,210.8957055214724,-0.07734013285915585,199.08359133126936,-0.21374655602471518,199.85570469798657,-0.011330687108507717,152.24375,-0.17049388741954885,225.08947368421053,-0.08464309920450888,205.9141914191419,0.042517363592987294,96.2406876790831,-0.1224610061049069,164.58536585365854,-0.04892044806271264,168.46113989637306,-0.14850035937831912,765.1899641577061,0.09244671215609311,224.6048951048951,-0.0378913699738061,192.3170731707317,-0.19673003285814097,241.35772357723576,-0.19063291867796994,161.02264150943395,-0.19871013779116833,253.40271493212668,0.22691372840654167,215.80115273775215,-0.39063695200481746,187.9185520361991,-0.015389397595439685,189.99748743718592,-0.33960409490078103,180.83471074380165,-0.14799143357777927,189.70765027322403,-0.11180204560830982,201.31636363636363,-0.04337157865634503,212.705223880597,-0.23661969735295427,191.5801526717557,-0.0911731866053734,339.275956284153,0.7890875385408427,188.93279569892474,-0.42985584762193185,178.22529644268775,-0.0875735494155394,225.5121951219512,-0.22351821439235603,169.15315315315314,-0.2280451704856923,169.38662790697674,-0.0639902333326788,259.75250836120404,0.05874173750249926,233.81566820276498,-0.1271415655338646,193.90178571428572,-0.0845121220069696,231.04562737642587,-0.24208386227694292,224.03937007874015,-0.05417469237602245,333.31469979296065,0.0038166563900761366,195.21630094043888,0.005282312235772385,340.0748663101604,0.2733981736003035,207.14828897338404,-0.03665588032465112,263.9961685823755,-0.21208890899203617,268.6222222222222,-0.26863406022649816,193.14698795180723,-0.15153596543122166,198.3961661341853,-0.024350986591158606,433.72727272727275,0.13090879854949314,267.6643356643357,-0.051444652184807434,296.23643410852713,-0.09969608602781022,253.77372262773721,-0.05129017538380851,500.1952380952381,0.19107158380926106,319.3573264781491,-0.10976230230674967,635.5805084745763,0.15217556434261115,670.172480620155,0.09191693058708766,275.89473684210526,0.030940970605489653,316.212,-0.004714295506590809,527.0547445255474,0.11991952057007699,276.37916666666666,0.0199033364142218,240.29811320754717,0.021191408686107766,272.15976331360946,0.060009730615589334,463.9813953488372,-0.32954871316940265,231.66058394160584,-0.011450236376347157,683.1612903225806,0.18455219689089383,266.1686746987952,0.04810334769498935,786.7901785714286,0.634919015195087,310.24747474747477,-0.3771576829397437,358.0163934426229,-0.09425311015294639,611.9656357388316,0.531138883528443,369.9634146341463,0.23431710128766348,411.4080717488789,-0.0724444918752843,703.4571428571429,0.6739598475748932,537.5101351351351,0.18287893707291913,1089.854271356784,0.8751023082273102,372.37089201877933,-0.05260077402092725
18,160.9452887537994,-0.4330161472238482,353.6164021164021,0.5214751315952557,108.86377708978328,-0.3792866053145668,133.22985074626865,-0.2363012070870019,157.12680115273776,-0.13016650151824277,250.5072463768116,0.2299232706242316,753.6717325227963,1.1544038569588797,379.3659673659674,0.1313851924401916,179.39755351681958,-0.03277237952866687,145.51226993865032,-0.3633899214923169,229.13003095975233,-0.09508224783579787,179.33557046979865,-0.11284206021883016,174.134375,-0.05122194853400224,314.2078947368421,0.2777690578960511,224.56765676567656,0.1369574863495517,104.51002865329512,-0.04705974564339574,166.12891986062718,-0.04000080538534334,204.36269430051814,0.03296677714761291,856.4910394265233,0.22279546758380886,334.62587412587413,0.43339013682763583,216.28571428571428,-0.09661781066466606,350.5975609756098,0.17569108806516548,201.02641509433963,0.0003588746359092351,243.91402714932127,0.18097183189447938,305.86167146974066,-0.1363308396308813,243.29185520361992,0.27474236852365036,210.91959798994975,-0.266882732521469,188.1818181818182,-0.11337530014926345,203.22131147540983,-0.048532028722660304,210.19272727272727,-0.001192286425214262,185.0597014925373,-0.3358370407844421,224.7824427480916,0.06633337692253549,223.20218579234972,0.17700132231510793,196.1263440860215,-0.40814781364837194,167.54545454545453,-0.1422491225782374,210.2439024390244,-0.2760898775753957,170.75225225225225,-0.22074745093739714,179.54360465116278,-0.00786402343143426,215.33110367892976,-0.12231828564158183,218.65437788018434,-0.1837402538817219,198.39285714285714,-0.06330797766702886,221.1406844106464,-0.2745757826055624,198.4488188976378,-0.16221012799890666,312.9461697722567,-0.057525581782030176,242.2884012539185,0.24768394374382313,347.8422459893048,0.3024828489966371,208.78707224334602,-0.0290347108022562,220.7816091954023,-0.34106513927923454,238.78222222222223,-0.34987811912191985,228.7253012048193,0.004753912686548864,201.63578274760383,-0.008419586230493822,409.9952153110048,0.06902937747694426,413.6993006993007,0.4660775896488393,315.88759689922483,-0.03997345660914704,260.036496350365,-0.027877369288353146,442.5571428571429,0.0538229813547215,356.9177377892031,-0.005059227357091107,606.5254237288135,0.09950472529451486,790.8352713178294,0.288513699127563,301.5263157894737,0.1267189661577357,307.848,-0.03104020860407873,628.1824817518249,0.33480218345691043,266.84166666666664,-0.015292254441519245,246.13962264150945,0.046015986657591254,236.96153846153845,-0.07708055925432769,548.3627906976744,-0.207617929600688,239.55109489051094,0.022220414887210712,557.1733870967741,-0.03390170215443613,255.09236947791166,0.0044877246498028255,713.2410714285714,0.48208686617562474,352.94444444444446,-0.2914406934327128,326.6120218579235,-0.17370313649650634,579.9965635738831,0.4511522198933473,379.3170731707317,0.26552391859615276,387.78923766816143,-0.12569522065638034,526.7102040816327,0.25336950785597967,409.6182432432432,-0.09856808178802266,839.8090452261307,0.44489765334706366,357.9389671361502,-0.08931898899488769
19,219.98176291793314,-0.22504033236726007,199.47354497354496,-0.14174219218345688,107.95665634674923,-0.38445877562548547,183.69253731343284,0.05296049066784294,168.54755043227667,-0.06694272156330255,216.3514492753623,0.062227484217308934,467.25227963525833,0.3356612301876154,263.32167832167835,-0.21469432334648506,171.85626911314984,-0.07343145444952524,151.99079754601226,-0.33504663490572373,260.6780185758514,0.02951221897976809,176.98322147651007,-0.12447893226303881,198.33125,0.08061568498359771,334.7763157894737,0.3614133342845933,212.5016501650165,0.07586882944969346,106.05444126074498,-0.0329775282529749,173.57839721254356,0.0030470412155949892,242.79274611398964,0.22721439608437682,647.4336917562724,-0.07567160962862673,278.465034965035,0.1928217912405019,208.05226480836237,-0.13100728312333462,363.1056910569106,0.21763575255177386,228.09811320754716,0.1350745708109732,211.9841628959276,0.026375268834217872,400.9020172910663,0.13203693355973767,212.3393665158371,0.11256493472282211,257.3492462311558,-0.10550191645237955,213.09641873278238,0.004010643130637943,204.44808743169398,-0.04278834947040467,206.08,-0.0207354160906828,210.9589552238806,-0.2428869016620292,206.25954198473283,-0.021536418778227928,188.78142076502732,-0.004508037946921767,197.7983870967742,-0.40310207480997345,170.4822134387352,-0.12721435171965678,256.3780487804878,-0.11724115407584362,173.67117117117118,-0.20742654314219916,197.01453488372093,0.0886781979499281,224.1036789297659,-0.08656158930767693,238.89400921658986,-0.1081835854246431,201.20833333333334,-0.05001498857121435,209.65779467680608,-0.31224395895582385,197.03937007874015,-0.16816038737629024,336.0144927536232,0.011947402331977632,239.9655172413793,0.23572206248733232,220.20053475935828,-0.1754669734027346,226.3041825095057,0.05242869520626669,220.22988505747125,-0.34271179032643345,265.7688888888889,-0.2764027057151577,283.79277108433735,0.24665655979968182,205.98402555910542,0.01296368387884032,462.89473684210526,0.20696060315801287,428.7937062937063,0.5195695093441861,381.22868217054264,0.158607231110739,260.24087591240874,-0.027113315010179936,419.5952380952381,-0.0008542130467814157,353.8123393316195,-0.013715809010584314,548.1864406779661,-0.006251744300670826,876.9282945736434,0.42878569240824904,321.31983805668017,0.200681787237333,279.124,-0.12144976477483972,551.6058394160584,0.1720872521100001,309.56666666666666,0.14237292189520773,290.07547169811323,0.23272952756326434,253.08579881656806,-0.014279678377547941,650.7395348837209,-0.05968393791669632,249.53284671532847,0.06481487890470887,493.2056451612903,-0.1448171335660256,275.37751004016064,0.08436535771769146,572.5446428571429,0.18972522681311343,264.0050505050505,-0.469992406848707,284.7103825136612,-0.27971023620112045,662.213058419244,0.6568580059268488,422.5894308943089,0.409894440216695,327.37668161434976,-0.26190061616405574,431.3795918367347,0.0265189900056009,322.4628378378378,-0.29036780158342046,579.8793969849246,-0.002313222641915828,397.7089201877934,0.011865135612925806
20,165.59574468085106,-0.4166333537969533,158.16931216931218,-0.3194583916163514,123.17027863777089,-0.2977145950526044,153.22089552238805,-0.12170874391846034,170.78097982708934,-0.0545787474363587,196.67391304347825,-0.034383931500946825,337.0516717325228,-0.03652294461896705,200.41724941724942,-0.40229454456696717,174.67278287461772,-0.058246130847696205,171.659509202454,-0.24899684627256255,270.95665634674924,0.07010629452713599,178.3758389261745,-0.11758977120976258,189.021875,0.029893185920065374,311.0263157894737,0.26483073520493716,195.66996699669966,-0.009347841827461364,118.82521489971347,0.08346856248748102,167.14982578397212,-0.034101357745458014,231.20466321243524,0.16864154995358643,605.9354838709677,-0.13491778755592604,237.8006993006993,0.018633654073376388,212.78745644599303,-0.1112293342992421,362.020325203252,0.21399609528238003,212.7811320754717,0.05885335380866148,189.36199095022624,-0.08315573336514116,308.8991354466859,-0.1277538775355203,361.8122171945701,0.8957369630043304,972.8366834170854,2.3813992528261614,210.29752066115702,-0.009176455318320528,217.70491803278688,0.01927920449829152,218.89454545454547,0.040157589162289266,607.9179104477612,1.181763804365617,198.08778625954199,-0.06030197257903874,168.71857923497268,-0.11030445264799207,199.53225806451613,-0.3978697572042388,192.38735177865613,-0.015070744588764184,237.70325203252034,-0.18154206479546137,196.95945945945945,-0.10114707817125307,250.36337209302326,0.38347734051078686,320.88963210702343,0.30793442106474894,269.97235023041475,0.007835124064095459,266.5,0.25825308202495606,214.17110266159696,-0.2974386194433204,211.60629921259843,-0.10666329325249449,337.3581780538302,0.015994069599074266,208.53918495297805,0.07388959339648192,172.35294117647058,-0.35463057623144034,230.48669201520912,0.07187947588987322,231.6168582375479,-0.3087267423245225,302.6977777777778,-0.17585804003716257,360.05542168674697,0.5816662687430829,234.0990415335463,0.1512243576203103,478.9282296650718,0.24876663945118058,332.4825174825175,0.178259588563939,367.0077519379845,0.1153878371586532,291.63868613138686,0.09026452347420326,362.752380952381,-0.13620918392416395,354.5912596401028,-0.01154449755279589,485.7542372881356,-0.11942837293340364,493.5891472868217,-0.19579158759579274,312.59514170040484,0.1680800528485965,239.596,-0.24586519912652624,498.44160583941607,0.059120499420530895,293.975,0.08483604946961468,330.7207547169811,0.4054591976736312,283.34615384615387,0.10357856191744338,1002.6744186046511,0.4488605814036851,254.97810218978103,0.08805105452229829,452.65725806451616,-0.21512509992223733,276.8875502008032,0.09031150502189385,449.4375,-0.06608656932410623,244.43434343434345,-0.5092818951784616,290.53551912568304,-0.26497320330008783,633.1786941580756,0.5842139856051328,417.109756097561,0.39161248031585055,262.70403587443946,-0.40771075675280977,379.9632653061224,-0.09583226763103293,449.2668918918919,-0.011314747749772099,553.7889447236181,-0.04720203809516521,433.8544600938967,0.10382789979136473
21,348.9209726443769,0.22919135388261494,329.01851851851853,0.4156399159206862,285.57275541795667,0.6282627627274225,344.43283582089555,0.9743543919220805,354.9164265129683,0.9647710936489059,404.90942028985506,0.9879964580360283,411.2401215805471,0.1755480082869781,340.23776223776224,0.014692932994293258,355.3394495412844,0.9158239535701723,336.39877300613495,0.4717305240555592,400.671826625387,0.5823986370824432,370.56040268456377,0.8331310545304301,354.0625,0.9291235796905684,507.6578947368421,1.0644597438732923,380.2706270627063,0.9252618231169252,280.7163323782235,1.5596193650084043,385.7108013937282,1.2288838030295912,370.2253886010363,0.871332376931113,568.989247311828,-0.18766520525108915,394.6643356643357,0.6905685120036213,460.4843205574913,0.9233509482290234,420.7642276422764,0.41098743311012714,515.0037735849056,1.5627905424014552,373.368778280543,0.8077599521910215,512.0835734870317,0.44598304137665395,393.0882352941176,1.0596095486970905,531.4849246231156,0.8473426810926209,377.6556473829201,0.7793367512492698,378.40437158469945,0.7716628100677132,378.3781818181818,0.7980024882499309,626.8395522388059,1.2496719091761277,363.7022900763359,0.7253477915363186,319.78688524590166,0.6863167601038642,322.96774193548384,-0.02537741639783998,344.24110671936756,0.7623462966168951,377.4308943089431,0.2995670349358016,312.2837837837838,0.42515212147790843,364.7470930232558,1.0155477776012767,444.2909698996655,0.8109137670929942,413.926267281106,0.545230208140195,449.73809523809524,1.1233934125229514,378.6045627376426,0.24196467672999195,337.81889763779526,0.4261674752395708,516.4057971014493,0.5552171593656685,386.5987460815047,0.9908218703869452,336.7486631016043,0.2609433246526137,403.72243346007605,0.8775131292769616,384.09961685823754,0.14636644084507736,449.28,0.2232349457283877,480.86265060240964,1.1123532338249946,381.11182108626195,0.8741862783264173,612.7416267942584,0.5976742541963369,466.3041958041958,0.6525000894905099,387.28682170542635,0.17701876361199545,422.963503649635,0.5812103286797777,508.95238095238096,0.21192420938046883,535.9511568123394,0.4940127698911479,520.9618644067797,-0.05560425135682035,385.7596899224806,-0.37147891215318,518.4251012145749,0.9372086729522429,566.82,0.7840810690959048,597.9963503649635,0.2706607671395767,441.675,0.6298833647401719,444.53584905660375,0.8891375543906289,475.6213017751479,0.8524531394038715,1031.2279069767442,0.4901202595168116,470.7299270072993,1.0087144310701655,512.0120967741935,-0.11220810859731319,438.82329317269074,0.7279725465113825,540.5,0.12313772055140165,537.6717171717172,0.0794115195089912,440.1639344262295,0.11357223281255509,753.5429553264605,0.8853655367695811,605.3455284552846,1.019627639936408,499.5695067264574,0.12632318001314344,564.7020408163265,0.34377559709006605,618.1317567567568,0.3602999973565603,624.3517587939698,0.07420180369885022,507.11737089201876,0.290225994999124
22,391.90881458966567,0.3806304698542325,340.3492063492063,0.46439149999620566,331.8482972136223,0.892114058417869,378.2686567164179,1.1683077396920398,481.4034582132565,1.6649868206239953,432.0144927536232,1.121075080939411,319.14285714285717,-0.08771608025162134,338.34265734265733,0.0090411513352014,302.65443425076455,0.6317710165318327,379.07975460122697,0.6584580285848486,380.8235294117647,0.5040104990299806,456.5973154362416,1.2587484045182564,308.16875,0.6790696618500062,529.5078947368421,1.153315735026576,333.9141914191419,0.6905650849289026,313.54727793696276,1.858977522447072,408.7247386759582,1.3618730578468021,392.01554404145077,0.9814723744285594,430.1505376344086,-0.3858825094652765,348.1048951048951,0.4911283370666098,361.38327526132406,0.5094256940312021,407.3333333333333,0.36594837836077576,374.01132075471696,0.8611760238359526,349.8212669683258,0.6937486839751071,453.78674351585016,0.2813688419202414,345.1447963800905,0.8084070050472586,429.48743718592965,0.4928183979428463,377.030303030303,0.7763904211824256,337.3524590163934,0.579460625735549,338.6181818181818,0.609068288636992,579.2798507462686,1.0789843319892274,305.5648854961832,0.4495528753784719,336.327868852459,0.7735415312601053,297.43279569892474,-0.10243444730772235,276.8379446640316,0.4172750349057599,400.8008130081301,0.38003415198566726,302.0,0.3782205898476046,378.53779069767444,1.0917534844620393,449.7391304347826,0.83312027045858,343.0783410138249,0.2807474620429432,452.6934523809524,1.1373468355379026,350.43726235741445,0.14956538851716536,322.0236220472441,0.3594846802058767,465.55900621118013,0.40208603238165164,378.3949843260188,0.9485759280816328,302.2807486631016,0.1318794518353548,361.6425855513308,0.6818205930719856,406.2145593869732,0.21236970365363386,416.64,0.13436744967119718,487.7783132530121,1.142732641220728,419.26837060702877,1.0618280086098693,502.7081339712919,0.31077081742105317,460.95454545454544,0.6335418691676281,322.1744186046512,-0.02086692703970495,447.16058394160586,0.6716688976849459,521.8,0.2425171315072324,530.879177377892,0.47987416426007,434.7118644067797,-0.21195760250513565,316.9089147286822,-0.4836579843952774,511.4251012145749,0.9110516433661061,612.304,0.9272431723151949,596.0328467153284,0.26648858941273273,449.9875,0.6605584209905884,467.70943396226414,0.9876180022736263,526.2396449704142,1.0496018129673257,628.1162790697674,-0.0923744533658325,518.7664233576643,1.2136973690585786,444.633064516129,-0.22903847035271285,477.6305220883534,0.8807853693850727,510.5,0.06079890164938121,692.7676767676768,0.390776912313748,472.3879781420765,0.1950959504648908,785.8831615120275,0.9662807782475866,577.3089430894308,0.9260885617196974,586.9865470852018,0.3234125490768774,566.4244897959184,0.3478743690772582,701.027027027027,0.5427245932407246,540.5778894472362,-0.06993175608950125,398.4319248826291,0.013704629791842565
23,411.44072948328267,0.449438202247191,341.537037037037,0.4695022777804476,398.3498452012384,1.2712888648292417,365.6626865671642,1.0960479260499987,424.2334293948127,1.3485009900042366,375.2427536231884,0.8423410958741653,325.99696048632217,-0.06812332382737915,397.1118881118881,0.1843089486156725,311.62996941896023,0.6801629001055222,739.2852760736197,2.234342078776086,357.328173374613,0.411218800436916,398.1308724832215,0.9695198429972183,354.9375,0.9338910519086916,482.63684210526316,0.9627082367210075,314.62046204620464,0.5928833868335602,375.2063037249284,2.42119502898597,367.780487804878,1.1252709786103074,412.3341968911917,1.0841745501951119,394.6702508960573,-0.43653701933764955,374.55594405594405,0.6044330023864124,322.3867595818815,0.3465450441127005,379.2317073170732,0.27171260793636126,352.60377358490564,0.7546465919428471,327.78054298642536,0.5870329100550996,562.8472622478387,0.5893257238337558,343.78506787330315,0.8012826254175314,431.29396984924625,0.4990975692591338,340.43526170798896,0.603971704847816,283.57923497267757,0.32769815053812335,286.5163636363636,0.36148742051423827,404.9514925373134,0.4533352180576429,376.412213740458,0.7856417168780747,344.2049180327869,0.8150791948285633,271.33870967741933,-0.18117879924395036,361.6837944664032,0.8516443367231078,347.6869918699187,0.19715306808002378,271.6126126126126,0.23954336147352284,346.0436046511628,0.9121945908512461,421.86622073578593,0.7195113084887883,303.33179723502303,0.1323694416781195,403.625,0.9056750477760709,485.22813688212926,0.5917299089200678,309.83858267716533,0.30804319201313407,380.6169772256729,0.1462730617080385,363.17241379310343,0.8701860557718902,304.0534759358289,0.13851736570377807,343.3802281368821,0.5968914115962018,452.3524904214559,0.35007089747564296,327.94666666666666,-0.10711399794826018,483.00963855421685,1.1217846108248546,422.28753993610223,1.0766753195968795,448.57894736842104,0.1696333394787656,466.33216783216784,0.6525992174399107,274.57751937984494,-0.16552055411291666,445.15328467153284,0.6641647931671717,514.6809523809524,0.2255651602027433,486.47814910025704,0.3561022451217152,439.4364406779661,-0.20339292618332913,309.6143410852713,-0.49554308665325747,644.5263157894736,1.4084134158784483,668.416,1.103857189020868,539.8576642335767,0.14712398054362394,467.775,0.7261984285760658,430.76981132075474,0.8306362233570557,520.9970414201183,1.0291828843593154,416.19069767441863,-0.39860608287332405,654.6094890510949,1.7933714258027451,436.26612903225805,-0.24354613047494234,492.26104417670683,0.9383965785053099,489.92857142857144,0.018052282973710088,800.1111111111111,0.6062759535939036,445.78688524590166,0.1277977551907565,692.8384879725086,0.7334828738528911,709.9512195121952,1.3686259145123982,488.1031390134529,0.10047125035807171,574.1346938775511,0.36622171572134826,608.0675675675676,0.33815210351709646,483.3718592964824,-0.16835515268422235,331.2018779342723,-0.1573444393126184
24,371.9270516717325,0.310237996659195,314.2116402116402,0.35193162358571456,355.58204334365325,1.0274378045049073,344.3940298507463,0.9741319487354011,346.9164265129683,0.920484136001943,342.90579710144925,0.6835753280072103,339.05775075987845,-0.03078847932406674,365.35897435897436,0.0896120608418118,316.3272171253823,0.7054882606401688,653.5306748466257,1.8591692947728646,338.6377708978328,0.33740360944912673,371.5134228187919,0.8378455647452021,352.55625,0.920916716800799,460.4342105263158,0.8724182213819428,325.33663366336634,0.6471380008800154,339.84240687679085,2.098740989964497,333.0,0.9242870661825405,413.84715025906735,1.0918218880311015,463.5376344086022,-0.3382164058728778,368.52797202797206,0.5786118202302539,367.67247386759584,0.5356944192905745,380.4105691056911,0.27566579373457917,345.42641509433963,0.7189302197481202,325.24886877828055,0.5747751651344992,446.4899135446686,0.26076460280690716,357.0542986425339,0.8708075614048025,396.713567839196,0.3789025277764304,372.801652892562,0.7564669998053086,305.5601092896175,0.4306110672071592,343.1127272727273,0.6304257672103954,410.05223880597015,0.4716413468835093,327.8854961832061,0.5554384235462166,335.3360655737705,0.768311502860747,306.31182795698925,-0.07564011389416916,373.60474308300394,0.9126737699794721,390.6422764227642,0.3450563601074946,308.3783783783784,0.4073292402148889,414.06976744186045,1.2880988375309896,413.4214046822743,0.6850905466728869,289.0599078341014,0.07909098033668677,402.7083333333333,0.9013470978378986,400.71102661596956,0.3144821526572831,349.4724409448819,0.47536515053860745,368.12215320910974,0.10864342078827212,374.58620689655174,0.9289623171145125,319.5935828877005,0.19670674036935143,334.91634980988596,0.5575301045037401,530.4061302681993,0.5830262803474229,409.14222222222224,0.11395357904912749,471.29397590361447,1.0703195659614209,422.64536741214056,1.0784350008990435,436.2775119617225,0.13755834117684565,418.77972027972027,0.4840817034587394,274.531007751938,-0.1656619094488188,475.5255474452555,0.7777087164342921,474.6714285714286,0.13029394756039026,453.5809768637532,0.26439837474112665,408.56779661016947,-0.25935137192715024,337.1841085271318,-0.4506234626569707,642.3562753036438,1.4003045854225957,605.692,0.906431725949749,500.13868613138686,0.06272656381269145,483.09166666666664,0.7827204871106677,399.9056603773585,0.6994732884547539,542.0532544378698,1.1111927686162038,353.0511627906977,-0.48984246182522034,653.4744525547445,1.788527960241706,461.3508064516129,-0.2000511166819835,492.421686746988,0.9390291473674592,473.4330357142857,-0.016224790812445516,641.2424242424242,0.28733656136144964,464.0163934426229,0.17391664989792813,631.3505154639175,0.5796398799345029,702.69918699187,1.3444307984418442,531.4125560538116,0.19811612192971123,538.1714285714286,0.28064285321151405,647.0878378378378,0.424022588191755,457.7537688442211,-0.2124312661627789,412.3755868544601,0.049180588956664405
25,289.70212765957444,0.020573076538697593,298.67195767195767,0.28507035698295896,321.90712074303406,0.8354320144985524,300.3970149253731,0.7219327080841939,322.6685878962536,0.7862512607708385,363.2173913043478,0.7832997979973672,335.09422492401217,-0.04211839257338473,346.97902097902096,0.03479742568567517,318.6605504587156,0.718068501582835,376.6503067484663,0.6478292961148763,401.04334365325076,0.5838658928251191,374.9127516778523,0.8546617578704281,347.090625,0.8911370421240223,399.11842105263156,0.6230692398244926,321.52145214521454,0.6278222220571936,296.6991404011461,1.7053533327333898,333.61672473867594,0.9278508963267715,356.3264248704663,0.8010790079412424,461.61648745519716,-0.3409591897188816,342.5769230769231,0.4674489351008984,373.0801393728223,0.5582811570205167,372.0853658536585,0.247748122994061,352.188679245283,0.7525809763059282,321.6221719457014,0.557215589524381,461.05187319884726,0.30188356814643225,327.79411764705884,0.7174970759617714,375.03768844221105,0.3035612051816993,366.10192837465564,0.7249010318644946,320.03551912568304,0.49838392395203784,354.6363636363636,0.685184545203207,395.68283582089555,0.42007082595562983,352.6297709923664,0.6728214619818337,349.8661202185792,0.8449321393009338,322.4704301075269,-0.026878158656849,358.9328063241107,0.8375606213562544,383.2764227642276,0.319694311734846,309.36036036036035,0.4118106567262363,447.5494186046512,1.4731032907172044,418.39130434782606,0.7053476762009777,305.7096774193548,0.14124631802690196,379.875,0.7935417993779744,434.5817490494297,0.425590799984478,334.90157480314963,0.4138514355785622,348.68737060041406,0.05011327342889389,379.66144200626957,0.9550976555143214,331.2967914438503,0.24052898622468802,352.04182509505705,0.6371722101391616,566.2068965517242,0.6898756371878858,448.4488888888889,0.22097211596767236,434.72289156626505,0.90966860218266,439.3226837060703,1.1604487187320518,408.14832535885165,0.0642137612402498,423.8356643356643,0.501999080312914,294.33720930232556,-0.10546809557714854,432.48175182481754,0.6167934279204231,856.0619047619048,1.0384660450313905,500.67609254498717,0.3956803084265517,427.8474576271187,-0.22440134747493523,368.77906976744185,-0.3991455609269368,458.1255060728745,0.7118860595017373,529.832,0.6676603524950097,503.0255474452555,0.06886075076795817,445.0833333333333,0.6424609066012448,409.5056603773585,0.7402702693071141,541.2988165680473,1.108254378777015,323.9720930232558,-0.5318616029822926,600.9635036496351,1.5644514892055956,478.11290322580646,-0.17098685493349777,512.3734939759037,1.0175942000463885,456.75892857142856,-0.050872928996827466,505.4848484848485,0.01479425263788772,443.7158469945355,0.12255822848391651,807.3333333333334,1.0199491383905799,620.6260162601626,1.070608268472962,545.0224215246636,0.22880075489926252,497.7551020408163,0.18446740245991064,639.0540540540541,0.4063429334249725,431.286432160804,-0.25796851404264504,653.9859154929577,0.6638941534345187
26,301.62613981762917,0.06257941550190595,311.7195767195767,0.34120923455953206,343.8637770897833,0.9606232494645421,310.03880597014927,0.7772012844668115,346.1757925072046,0.9163840826462983,346.0507246376812,0.6990160771958399,338.4711246200608,-0.03246537599363614,370.5104895104895,0.1049754525596382,346.4831804281346,0.8680750967288076,390.6441717791411,0.7090518687512583,347.57275541795667,0.3726911100604834,352.7852348993289,0.7451987988696979,352.85625,0.9225512787041557,362.88421052631577,0.4757179038989762,332.1716171617162,0.6817426530790326,321.7679083094556,1.9339346313396832,300.0034843205575,0.7336120861493856,397.8031088082902,1.0107260606025337,648.2043010752689,-0.07457142580980054,364.5244755244755,0.5614626012228283,331.52613240418117,0.3847183772735502,345.5121951219512,0.15863786243216338,331.6792452830189,0.6505207855181566,279.4321266968326,0.35294174923898763,444.35446685878964,0.25473468922753095,372.7692307692308,0.9531468973583552,440.72613065326635,0.531882004754743,325.8787878787879,0.5353884093711466,284.8032786885246,0.3334290376316882,313.31636363636363,0.48883743433784904,357.35820895522386,0.2825271177109528,394.8587786259542,0.8731493869011099,318.3360655737705,0.6786662226932324,289.7231182795699,-0.12570000838252415,343.5810276679842,0.7589670143377796,380.2276422764228,0.30919677515676314,307.56756756756755,0.4036289880495561,1341.3313953488373,6.412033062453483,383.1404682274248,0.5616665555912344,283.48387096774195,0.05827504936376655,444.75892857142856,1.099884775358789,398.3231939163498,0.30664916764140093,322.15748031496065,0.3600497886383658,316.74948240165634,-0.04607145578872258,424.2476489028213,1.1846979755022682,299.5427807486631,0.12162722890735302,314.8631178707224,0.46427245238979364,377.81226053639847,0.12760147995303975,400.84444444444443,0.09136158352369511,518.4433734939759,1.2774393793803447,388.17891373801916,0.9089399840441597,390.89473684210526,0.01922642406532821,404.15034965034965,0.43223778592217915,265.7984496124031,-0.19220137376444957,517.1642335766423,0.9333711317857191,1009.4809523809524,1.4037895309765622,536.5629820051414,0.49571828846195193,416.79661016949154,-0.2444342406115015,379.3178294573643,-0.38197468258504125,351.78542510121457,0.3145231103348928,408.536,0.28587795710131,529.6240875912408,0.1253790245100361,519.4958333333333,0.9170603199226417,365.0867924528302,0.5515040501195615,401.8639053254438,0.5651823210078868,329.42325581395346,-0.5239846942433148,602.3832116788321,1.5705097146179563,480.9233870967742,-0.16611367946111516,497.5502008032129,0.959223908291572,487.0267857142857,0.012022486502532497,472.5050505050505,-0.05141487221199544,402.57377049180326,0.018472749392101088,560.1374570446735,0.40146470735468043,591.9674796747968,0.9749941606829364,498.60538116591925,0.12414947454742557,508.2122448979592,0.2093514162778876,582.5608108108108,0.2820203148336615,1069.4723618090452,0.8400350825958809,611.2957746478874,0.5552803835066653
27,359.01519756838906,0.26475165255628685,267.97354497354496,0.15298691509355208,336.9752321981424,0.9213465295266786,304.8179104477612,0.7472741203512704,322.5129682997118,0.7853897709607031,355.2789855072464,0.7443243585131657,408.62613981762917,0.16807582623604753,356.1934731934732,0.06227773675380562,319.914373088685,0.7248285262047133,369.10736196319016,0.6148292290142924,308.9009287925697,0.2199620143791062,346.90939597315435,0.7161315193412963,323.746875,0.7639476940190926,319.62105263157895,0.29978239931509304,415.13861386138615,1.1017940058704818,327.5816618911175,1.986945427416054,332.3240418118467,0.9203809472673947,313.74870466321244,0.5858666837383494,1305.6594982078852,0.8640644713403537,316.09090909090907,0.3539944949426028,345.4703832752613,0.4429607254663525,490.1016260162602,0.6435029164211703,336.29811320754715,0.6735054540598736,291.00904977375563,0.4089943683263082,421.7463976945245,0.19089572562401336,361.1244343891403,0.8921332834578463,344.10552763819095,0.1960467711416236,340.5096418732782,0.6043221493932116,305.7049180327869,0.4312890516177818,353.1709090909091,0.6782209012994195,412.11567164179104,0.47904682547948885,344.2748091603053,0.633186806554475,365.4617486338798,0.9271718145172908,320.11290322580646,-0.033992488176584484,368.94466403162056,0.8888164417933802,410.020325203252,0.4117787025977902,313.6261261261261,0.43127809450718135,687.2616279069767,2.797723609740252,413.9096989966555,0.6870808164650141,299.35483870967744,0.11752303801726828,432.7559523809524,1.0432139243826584,379.60076045627375,0.24523257812196816,362.003937007874,0.5282692723213214,321.96687370600415,-0.03035866455130567,406.1786833855799,1.0916503593586608,339.28877005347596,0.27045466428308435,348.6311787072243,0.621310982618075,376.04597701149424,0.12232990958665987,409.9866666666667,0.11625271089156568,493.00722891566267,1.165702437056526,449.78274760383385,1.211887973939958,489.1387559808612,0.27538976134005533,462.1923076923077,0.6379282809286086,263.9651162790698,-0.1977731299212597,555.4817518248175,1.0766176651168289,1004.047619047619,1.390851605051196,572.5115681233933,0.5959282535633156,539.5,-0.021998458614306046,293.29651162790697,-0.5221298456894401,315.7894736842105,0.18001637230693207,314.14,-0.011235970774165558,506.3211678832117,0.07586349516821836,478.7875,0.7668371121198507,416.1509433962264,0.7685106322320382,394.7248520710059,0.5373770869609749,344.25116279069766,-0.5025584271273925,534.970802919708,1.2828452375184292,448.39112903225805,-0.22252225867371633,413.8995983935743,0.6298294875489362,568.8973214285714,0.18214623647934097,396.83838383838383,-0.20332070812332007,317.0601092896175,-0.1978685525481058,572.5154639175257,0.4324344980043219,499.390243902439,0.666126686809171,419.0896860986547,-0.05512561995540251,607.6857142857143,0.4460603549031479,460.8581081081081,0.014193618736700178,745.3718592964824,0.28241777876830454,352.981220657277,-0.10193266336460208
28,344.0607902735562,0.21206972859529147,328.77777777777777,0.4146041012695369,318.4520123839009,0.815731870925224,311.9134328358209,0.787947001484856,307.87031700288185,0.7043299612329587,344.9927536231884,0.6938217237821532,389.43465045592706,0.11321610824816912,348.7459207459207,0.04006686049206091,309.6330275229358,0.6693963243053112,367.1687116564417,0.6063477152251224,306.71826625386996,0.21134188689088484,325.90939597315435,0.6122462907355075,321.071875,0.7493728503808301,331.7526315789474,0.3491171119751723,402.3333333333333,1.0369624990949209,324.1518624641834,1.9556719316529119,340.2404181184669,0.9661268347684852,358.3911917098446,0.8115155289263174,884.8781362007169,0.2633231691889401,321.4475524475524,0.3769400001996997,375.69686411149826,0.5692106931256626,486.3617886178862,0.6309617752682032,336.388679245283,0.6739561338352015,341.90497737556564,0.6554199534324971,446.76368876080693,0.261537668650417,356.3122171945701,0.8669193808414905,377.5326633165829,0.312233273494736,316.04683195592287,0.4890648322408981,289.1448087431694,0.35375577779167544,363.40363636363634,0.7268454520320707,363.9179104477612,0.3060693082565805,354.2977099236641,0.6807339080401963,368.6256830601093,0.943856037344996,314.9032258064516,-0.04971377735474569,361.3794466403162,0.8500862245345333,357.0853658536585,0.22951347417139425,295.94594594594594,0.35059204034645336,473.3837209302326,1.615860482300593,376.55183946488296,0.5348115453823924,348.6359447004608,0.3014945800209114,411.55059523809524,0.9430949525986436,362.467680608365,0.18902966334240606,333.9763779527559,0.40994553905988856,339.18633540372673,0.021499781766788323,375.6896551724138,0.9346446142835875,350.3636363636364,0.3119241050719359,352.0988593155894,0.6374374480575745,415.4406130268199,0.23990536838734897,393.9866666666667,0.0726902128243154,465.67710843373493,1.0456455594668375,432.36102236421726,1.1262134905408403,481.6650717703349,0.2559027339780954,452.93706293706293,0.6051293206706557,276.8178294573643,-0.15871193876696257,541.3467153284671,1.023775125485303,856.5428571428571,1.039611295266677,543.1825192802056,0.5141708528309458,578.0889830508474,0.04795535955851179,289.7325581395349,-0.5279366212081502,349.9838056680162,0.3077909656467315,339.724,0.0692903516416801,504.03284671532845,0.07100112447169213,474.70416666666665,0.7517686634354355,422.4339622641509,0.7952114864455523,451.7751479289941,0.7595769742906893,430.0883720930233,-0.3785239981360669,462.6824817518248,0.9743741045039557,451.375,-0.21734844253374047,447.2289156626506,0.7610717122233388,508.3482142857143,0.056327575650754136,386.56060606060606,-0.22395402651068794,412.73770491803276,0.04418652162091985,505.0068728522337,0.2635279079676184,447.9715447154472,0.49457734646363427,400.2914798206278,-0.09750782140790955,548.2857142857143,0.3047109977239837,443.13513513513516,-0.0248086810557898,969.5979899497487,0.6682004895424655,320.81220657277,-0.1837782095589991
29,380.19452887537994,0.3393629627514527,253.0873015873016,0.08893714540105885,294.625386996904,0.6798785510862145,312.56119402985075,0.7916600916009636,368.46109510086455,1.0397526141606945,314.1195652173913,0.5422426640629014,444.32522796352583,0.27012324273393046,316.76456876456876,-0.055311299855712454,302.3975535168196,0.6303860358775941,367.57055214723925,0.6081057505200296,310.59442724458205,0.22665025513947065,321.4530201342282,0.5902009753650239,338.80625,0.8459992962302916,354.2921052631579,0.4407769414618487,384.1188118811881,0.9447446934520548,321.8595988538682,1.9347706813517302,345.54006968641113,0.9967516124485727,290.43523316062175,0.46802696937863925,724.2508960573476,0.033998807139198006,319.3356643356643,0.36789359995473464,360.73867595818814,0.5067333316084962,597.8536585365854,1.0048377300534512,337.0377358490566,0.677186005558384,332.6877828054299,0.6107925603971748,447.1815561959654,0.2627176112536687,332.28506787330315,0.7410276808952296,309.45979899497485,0.07562466644025044,337.168044077135,0.5885781037056266,300.09562841530055,0.4050267498251739,363.90909090909093,0.7292473043959083,356.77985074626866,0.28045144107012676,403.37786259541986,0.9135626125355844,379.8114754098361,1.002841536703049,325.7956989247312,-0.016843465822284912,353.901185770751,0.8118011821867079,361.4959349593496,0.2446999104210211,299.963963963964,0.36892884552132466,361.59302325581393,0.9981187742404151,391.27759197324417,0.5948331747983981,399.2073732718894,0.490283031671181,357.5357142857143,0.6880690973132987,412.45247148288973,0.35299848662072925,330.56692913385825,0.3955518948676704,359.5652173913044,0.08287319611198476,365.56739811912223,0.882519223491133,376.56417112299465,0.4100310703761263,349.22813688212926,0.6240871394974625,443.6168582375479,0.32399892256166024,410.9111111111111,0.11876965522434006,389.3325301204819,0.7102759551048108,361.56869009584665,0.7780793986358979,384.44976076555025,0.0024216699958275697,455.34615384615387,0.6136667153127902,264.44573643410854,-0.19631245811693737,481.2189781021898,0.7989930856119787,643.9238095238095,0.5333199783800946,453.83547557840615,0.2651078131382258,807.2754237288135,0.4634228150687096,259.8217054263566,-0.5766705925815995,308.251012145749,0.15184726352186143,365.54,0.1505469002457871,478.57664233576645,0.016910158589283537,414.96666666666664,0.5313234095696608,424.75471698113205,0.8050739641280215,399.0325443786982,0.5541547167878724,496.13023255813954,-0.2830937701627355,442.3795620437956,0.8877368089539222,414.9153225806452,-0.2805668824494989,425.8152610441767,0.676750282898852,513.7276785714286,0.06750589064732178,359.45454545454544,-0.2783712352502474,414.59562841530055,0.0488868885874782,466.96907216494844,0.1683572770123486,415.219512195122,0.38530601788714675,385.1793721973094,-0.1315793908007885,470.7265306122449,0.12014970554240736,414.0067567567568,-0.08891044026487267,763.5226130653266,0.3136462844341629,260.54460093896716,-0.3371131886158403
30,394.1489361702128,0.38852205074025964,243.89153439153438,0.049371302242873796,288.94427244582045,0.6474862899239767,332.3074626865672,0.90484945159199,348.0115273775216,0.9265464717028958,353.9855072463768,0.7379737277984876,420.4012158054711,0.2017353998003556,306.8834498834499,-0.08477981455791446,301.47400611620793,0.625406700668308,341.9325153374233,0.4959404146816077,325.35603715170276,0.28494921664846157,310.03691275167785,0.5337264551162393,341.51875,0.8607784601064736,461.88684210526316,0.8783255448935184,432.7854785478548,1.1911378375016477,302.8194842406877,1.7611596710375441,342.0243902439024,0.9764357671630971,276.22020725388603,0.3961760400874149,587.6810035842294,-0.16097935122700335,327.9895104895105,0.4049628724817026,364.41811846689893,0.5221016273835084,504.7479674796748,0.6926178420452359,323.9584905660377,0.6121003346714627,304.11538461538464,0.4724520236659311,408.12680115273776,0.15243773429320087,343.25113122171945,0.7984850320853922,324.02763819095475,0.1262597642035807,332.3305785123967,0.5657862288273087,301.5601092896175,0.41188334688354605,351.5854545454545,0.670687033453138,348.85074626865674,0.2519945838975109,443.4236641221374,1.103533743071832,366.64207650273227,0.9333959805462795,329.51075268817203,-0.005632515541470421,368.02766798418975,0.8841218700044292,395.4390243902439,0.36157248432367856,299.51801801801804,0.3668937068303917,354.5755813953488,0.959341249712194,386.0133779264214,0.5733764306010797,387.2718894009217,0.445726617439889,345.0833333333333,0.6292764267246225,448.0152091254753,0.46965757715185324,351.26377952755905,0.4829276310322093,374.26293995859214,0.12713712666532714,369.57993730407526,0.9031821222877705,441.75401069518716,0.6541320930398131,356.680608365019,0.6587448941700705,425.91954022988506,0.27118030320741177,438.4977777777778,0.1938786623086242,395.68674698795184,0.738189020367023,407.814696485623,1.0055024955004181,333.70334928229664,-0.12989549530567523,462.3986013986014,0.6386593495554387,268.07751937984494,-0.1852749623052437,440.2335766423358,0.6457729151854271,579.5857142857143,0.38011724641022643,403.3573264781491,0.12439536500247231,821.542372881356,0.4892858331633488,257.21317829457365,-0.5809206849405902,308.36032388663966,0.15225573072765997,341.152,0.07378501973149511,468.38321167883214,-0.004749492695242275,416.7,0.5377198122765147,428.77358490566036,0.8221528888952243,429.92899408284023,0.6744904230257092,602.9209302325581,-0.1287816330919777,426.7226277372263,0.8209250171312287,457.4233870967742,-0.20686097738514084,414.06827309236945,0.6304936848541927,553.6741071428571,0.15051299653054778,386.26262626262627,-0.2245522406555797,425.92896174863387,0.07755912708348361,543.4226804123712,0.35964431265177776,429.390243902439,0.4325841426752359,416.13452914798205,-0.061788279964277035,420.2326530612245,-6.475153218392715e-06,387.80743243243245,-0.14656633711785777,834.8542713567839,0.4363729283784765,253.33802816901408,-0.35544840656802945
