Frame,Cell_74,Cell_77,Cell_78,Cell_81,Cell_82,Cell_87,Cell_88,Cell_91,Cell_92,Cell_93,Cell_94,Cell_95,Cell_98,Cell_99,Cell_103,Cell_105,Cell_106,Cell_107,Cell_108,Cell_111,Cell_112,Cell_113,Cell_114,Cell_115,Cell_118,Cell_123,Cell_124,Cell_126,Cell_129,Cell_130,Cell_131,Cell_134,Cell_135,Cell_137,Cell_140,Cell_141,Cell_142,Cell_143,Cell_145,Cell_149,Cell_151,Cell_152,Cell_157,Cell_159,Cell_160,Cell_161,Cell_163,Cell_166,Cell_167,Cell_168,Cell_173,Cell_174,Cell_177,Cell_180,Cell_181,Cell_183,Cell_187,Cell_189,Cell_191,Cell_193,Cell_194,Cell_196,Cell_199,Cell_201,Cell_203,Cell_206,Cell_207,Cell_214,Cell_218,Cell_219,Cell_221,Cell_222,Cell_223,Cell_225,Cell_226,Cell_229,Cell_230,Cell_233,Cell_234
0,,,,,,,,,,,,,,,,,,,,,,,,,,,,,,,,,,,,,,,,,,,,,,,,,,,,,,,,,,,,,,,,,,,,,,,,,,,,,,,
1,1.9178611709949605,0.45777822183886824,0.7912832160425541,0.284626514087118,0.5341697702162056,0.718530480260271,0.9796764371400272,0.8217437179253471,1.667505715793176,2.9041535261356777,2.814559252677741,1.5147595894908472,1.7782784884842846,2.668704740841152,3.35281744138337,2.8908461232535116,3.525440109532407,2.5912238941478076,-0.3220206766329485,0.51275582374497,3.354888942071356,0.9434679284549099,0.8466603794056035,3.5032807815940297,1.355572312850253,1.9108602994636623,0.9685507738586195,5.385683691349211,2.906341499468415,4.280031794304673,1.517367238531701,2.716857956202912,3.9851103476760223,0.8364217978081052,3.2770179576364358,4.005085473275604,3.864228154807587,3.8142120002213216,2.047552907247975,3.154102879250397,3.1830198223854316,1.902956633091451,3.469126796666229,0.5501479136212164,4.541837885927167,0.29148974277110395,1.7264512934769156,2.5599795185070353,1.0673067485569923,2.7101301151312502,2.2067520787108243,2.125896343652577,0.979572758538083,0.4113270124811529,4.17820050057683,1.6688412562223376,1.2775695643761602,1.7014909449991598,1.3178033400800133,1.434827628520088,1.0809935552642738,2.170793032583829,4.27386478373701,3.7535218043612293,3.5651746389429477,0.3581349917556817,1.583171249991348,1.5428677080072186,1.2374276938647848,0.5105753353494499,1.195222848851226,0.30545780191793387,2.4597176817652917,0.2582409716623593,0.9636345254076402,0.007909399656169243,0.16418816664243502,0.565981601810615,1.5059405309847265
2,0.9499271875847694,2.56099417970815,0.6783251347470992,0.9908151877363459,2.1132646386794742,2.5002826455624643,2.1167079535295925,0.7949724864749625,1.4217705768554343,1.9549218278199023,1.6364262540960886,1.956678520573414,1.831197430105452,1.3161630934969504,4.482255809679054,1.8373969815111022,2.097512030443566,0.8199223626432787,-0.07133227996181471,0.6540084739275289,3.4548847377816863,1.4279649272144275,0.9985957986629834,3.124638055119078,2.3013085156593305,4.375611150332444,0.8987463005191407,2.1944577844117075,3.2423915082807913,4.86003594138789,1.4000580296695289,1.6547252371420242,2.1287672373219433,1.5843511790966887,5.348477524287888,2.179381905046282,2.4833146036618796,2.20391666205582,3.9573394606580923,3.7290870618189182,4.624733016075243,0.8247113215182572,3.328780455373978,1.2617690053415176,2.2747950301423625,-0.05125888976524227,4.359503474616732,1.7469226937991384,2.3810427840200927,4.668522205900169,5.258620779950806,2.216170434555997,1.5937323600437265,0.8616026553861621,3.2253429527362694,1.532556478223237,1.7424022014088445,2.029222317148215,1.0395643813210655,2.8634341165930137,0.6372678349353083,1.1120137521595457,4.872466595709422,3.0917094604948523,3.4190617638021097,0.05929636533084835,2.9734794736732812,1.1720169570658714,1.9726624823407857,0.6731200949924858,0.684794094916644,0.34657218826659353,1.8043222814737256,1.9206515924382728,0.5678482562613392,0.1290465660643694,0.13505167924503345,1.416707654000299,2.22895730143815
3,0.6951265651100038,1.9427152761792983,0.3618695130275143,3.448145070982192,2.961497077847836,2.4943945257681834,1.092202285676773,1.4679516095643868,3.6195535086176576,1.6418573441588944,1.132888537472081,2.2198776735847243,2.188110832377947,0.5659651125459282,1.4928382721252371,0.7939543133503832,3.208218957428673,0.300296232493038,0.21984799837616287,0.6575581375998084,4.036405914465343,2.7759467577060617,1.6186560562181291,1.5601050629075108,0.707596660355556,4.101731504799637,2.831892678666732,1.2164838730611978,3.595531841104333,4.873254769145701,2.833078399571474,0.9418808405339347,3.828728176197687,2.7658896156747805,5.232388048627489,0.529701030158256,1.750520776230677,5.605030047851673,3.2968970573088647,1.101204800853281,4.633093828455802,0.2804061732569805,2.146706581297127,1.2312101204785888,5.004832104979005,-0.08957457057135895,5.721641645889697,1.7207249330412726,3.065845253637267,3.8388997550123674,4.9993348823649555,2.6152802247842053,3.735342142870911,1.009354320237896,4.8422182436150685,0.9516764875969023,1.2693071151654998,0.9238413789512949,0.12877842999188524,3.66791784262078,0.2949176537077167,0.750918749380679,3.1236039902345523,1.1177545980349883,2.2089291201474954,-0.25245313284106374,3.6456154437161263,0.8026204679584635,2.8545741757276297,1.6824430879979222,0.6390053647754387,0.287637881271188,0.8051381307307679,3.6865424461841,0.3712340693226691,0.6105454345313445,1.545654680870749,1.3570345792201894,2.3823639490993647
4,0.7780470568079608,0.025980103252635053,0.07434627062395552,4.022578934059855,1.5537748675415102,0.7425276814762399,-0.007450943290579141,0.9915335275706836,3.0882320612029543,-0.17138831107830635,0.41740572881853283,1.2556109311711017,4.848768970566534,1.9606178432561625,0.8594110581162845,0.43583751600251974,2.4439888051437273,0.14212466790242373,0.5827039732271548,1.477605333315582,2.081969095236863,2.1412286986142646,4.82999357364024,0.6377508358659838,-0.054231247050143386,0.8067592699914647,0.8897161709766632,1.292802907391784,2.374430748938251,2.0274053082665193,3.2659574151502087,0.7642038767565613,2.029857747069615,1.4033941111414565,2.037934298478536,0.2914629366975215,0.7651436246025658,2.7926796401040215,3.621242873501239,1.5887792765842759,1.9081856334544913,-0.1293163184416075,1.240505347292373,1.1767266403863073,1.8013725043540962,-0.2802619122576137,4.294042756352448,1.3456544167348532,1.6839218080050125,1.5063434507854778,2.95815170617512,1.4772478073975295,2.320600440017953,0.9019596037862292,1.6895529221286187,0.48843977609035016,0.8336832751689395,0.022453363694478094,-0.34327231851063617,3.4091160467098223,0.12301233690565962,0.6051174232795797,2.195602814827217,0.20885110598733472,2.565845539280958,0.3237104810380676,1.379917008714431,0.35917548325850984,2.2724684945563935,1.5117256349839514,0.6017234425590494,0.3076006162703354,0.24079494670230683,1.4621107435899368,0.27642006998545254,2.7064651167308242,1.642654872520123,0.1357250723362392,2.0371960056697827
5,-0.268481504218837,-0.5473262322906048,-0.0777473109421706,0.8168817267675202,0.331560129684351,0.026347310123454815,-0.5632162047879888,-0.07088324440228767,3.2192776116778052,-0.3866067234784943,-0.09337044946934266,0.3472044946472969,3.8871527974845916,2.9679770270752335,0.7632498927829464,1.8425439143977684,1.525829379115016,-0.044947024434815686,0.05582850095832562,2.5497235822147375,0.3793045458073528,1.3634871036779772,3.4342195311261157,-0.0965308062409705,-0.15344407614562933,0.8551007344341064,-0.16791810198437712,1.167149068726069,0.6799942008880602,0.17939590821122475,0.9868778549853442,1.1306388500497928,0.22425887920187226,0.3919911740130931,0.4795388167790469,-0.17264015377724704,-0.01507510141431844,0.8471048935072727,1.0291209490284938,0.6955866021098828,0.23402780379960275,-0.31581121009363006,0.37906402530799344,0.7741611877429141,0.309785640361529,-0.4352166527426587,3.1688150938058106,1.5822575890792474,0.5591139065207948,0.3393719707332107,1.0286297354717187,0.3754447929936527,0.8311162633168762,0.5596205394538449,0.42206873759738267,0.27856416614065793,0.2825499652446846,0.323691849176349,-0.46660077865733696,1.5824053171336023,0.16212979840441408,0.13921390381243298,1.2828853516569318,-0.058654569169199804,2.7528308409300415,0.26732875116495836,0.6224519460383601,-0.008577969642284234,1.3284859815711605,0.4961409302584464,0.7397284040187371,0.09333300563890418,0.4434226691454218,0.5578454050225661,0.24589720114358268,1.405318690853522,1.240111883582918,-0.22527887397547708,1.2477543837296343
6,-0.4522257755949916,-0.5884514887148057,-0.16170240308800338,-0.06577283797580498,-0.006574620793811442,-0.20837698197788646,-0.6524914031290486,-0.42263539713093107,0.8026017850861765,-0.3926591961350063,-0.25292228435416303,-0.10625170615099729,1.401631156566058,1.5178254200406665,0.08288667296663549,2.4964917831959754,1.0733437585991665,-0.22025962537356433,-0.4575275031740445,2.283214234600651,-0.19737037851543318,0.40509854943829915,1.3471214915831382,-0.2158439051464029,-0.26926561457378295,1.0166973119922447,-0.3238232012032409,0.46062690635342984,-0.050476436843691214,-0.19679637821398946,0.19027333462288173,0.9037671129530348,-0.2758211640855374,-0.22197465232804325,-0.14054936382706543,-0.33395229919378927,-0.2127096809560354,0.09744892222184558,0.019195349372625736,0.13739279030960114,-0.14338910330872703,-0.12019862409987199,-0.06981489928696609,0.27142045572637014,-0.0769657107086549,-0.47264127120444704,1.084168832776334,2.106109888546118,-0.07810863465181594,-0.21240063181640145,0.1596142666859859,-0.20421317904139574,0.09205544556636487,0.1457085567096668,-0.08261640078891638,2.1343344508657416,0.09376769117214984,0.2578859459934643,-0.5275671852452959,0.7264093379301303,0.4079642217145769,-0.2778487693282035,0.4368073339950696,-0.06389852071743961,1.2373361159479666,-0.2608273890601475,0.13611193787074394,-0.24626587977014583,0.6815103635865248,0.1774986548915565,0.8270575299501373,-0.004863190135988123,0.26743997202802555,0.3951251120772146,0.1148682577217097,1.7587455038154838,2.567372189693229,0.2989571285298736,0.5062829476500661
7,-0.27286095684079775,-0.5521182978744932,0.003365735401416828,-0.3575156328128416,-0.09613765401789276,-0.21367806868089512,-0.6359048966927389,-0.5474959757028232,-0.12058674815335922,-0.39687311279608134,-0.2345938147019026,-0.2800743697385993,0.36182843910689355,0.5208361573859382,-0.21766083022202742,1.2937293346145025,1.3560541487412499,-0.290657036685688,-0.6620030623204384,2.0707885811663136,-0.23401561408501742,0.21527747274800926,0.4092005441540992,-0.31787128333270454,-0.35472600918998975,0.442420155316481,-0.4400009703556352,0.13132584853007975,-0.29874665271847584,-0.24472974841028478,0.791442855654917,0.24929737559474144,-0.3123016927554421,-0.523510276704424,-0.32922258520715264,0.2737430949537174,-0.21671828746847926,-0.13934456952235774,-0.13092006809933784,-0.1077707074549323,-0.31618390976880123,-0.07283899972836785,-0.17708577644236545,-0.06666020049743325,-0.2588153630087476,-0.26219036695971976,0.22760949905398473,1.8489807534953213,-0.4308075599757449,-0.3288479700604648,-0.1484713641545238,-0.1773280676681412,-0.20157393155215086,-0.09159171343608626,-0.14279931902146478,3.3022288912995,-0.0064064437071381635,0.5560595831772177,-0.13169918439906644,0.13145416006199293,0.17876132934739905,-0.40798504151066955,0.01010884476935209,-0.11345145736594338,0.9572441872375291,-0.5664877410567064,0.0374983560942183,-0.4373055449170364,0.4406597693232215,0.027245403439766905,0.5688318038127982,-0.0779953702921448,-0.16626606621180354,0.2705690885391158,-0.03658340681993063,2.272140977035869,1.7306368046101588,0.41488820064324455,-0.04926818391756514
8,0.47883086104250255,-0.4954899694188055,0.07935956880928283,-0.33277310604836324,0.6999746516372738,-0.26976641221977576,-0.5810017357859596,-0.5561509180958972,-0.2730830109039747,-0.33285915587465614,-0.255844568708326,-0.15620227388426963,-0.09103034155533103,-0.09628651945920871,-0.09000291481860363,0.6117476638498361,1.2187963516043947,-0.36049137346536725,-0.6305224536998869,0.930912195333016,-0.21297152725673352,0.0802284668757866,-0.09995493202246711,-0.3080234614527942,-0.43967373908892154,0.0824433895661886,-0.3815321915482023,0.014562917775325986,-0.3588953828835231,-0.21253801492949956,1.5529215706697221,-0.07270477704123185,-0.30404602809199216,-0.5933718568913814,-0.3188419156910666,1.0178364810391158,-0.15597248108759998,-0.17129506508434267,-0.1518042689317977,-0.11313812106117281,-0.28434256379510614,-0.12934126425375997,-0.06504471928330952,-0.2822122612424745,-0.23718389083101796,-0.2005869219636299,-0.01609110038371085,0.6132377530328363,-0.5313885277354627,-0.35545906072000244,-0.18174819449366386,-0.20259133937618776,-0.3302915738489455,-0.15289281077232353,-0.2872055775962307,1.1583771463992654,-0.16584376589966107,0.28205139147185293,-0.16641984976270832,0.059110079390560295,-0.023549095121053704,-0.42807043242614456,-0.19087043355104563,-0.19166170721537795,0.9743559868892756,-0.6186151337013405,-0.08192188159725347,-0.45576348357857166,0.2377474925673157,-0.18781424516224798,0.02335175667667815,-0.10856158018349872,-0.3844904572386082,0.06058423309046789,-0.15933204895611583,1.8015009405160047,0.3638835102235027,0.14750925096928605,-0.3623644268900603
9,-0.5405429521865139,-0.3533329454825075,0.5675030009179277,-0.19585076914009544,0.4494246985228818,-0.16433171125087462,-0.5225101897779777,0.07226046548991366,-0.21253957087583544,-0.35909548413071196,0.09256753452126698,0.02739801828256057,-0.0059650158348183565,-0.20456604715870577,0.43158995000250633,0.3089146735485969,0.7760961630099936,0.19065383574519348,-0.3802434277520373,-0.2570119586887712,-0.26619298336394936,-0.2643257546268178,-0.008185262771346796,-0.12559228727256352,-0.42992497192550355,-0.14122182649652817,-0.27059434282664585,0.01737945356609762,-0.29975723325506426,-0.07120887475808674,-0.05667861978662926,0.07487954291692261,-0.2980091633555427,-0.6439590392004694,0.35843100575804504,0.5797672812779933,0.5213586777765596,-0.14257335263344828,-0.17770504019920882,-0.10799434968852564,-0.2788623674448233,-0.15222904690367045,0.00019206299666286176,-0.28050380695713634,-0.06493925789342464,0.04368430361976015,0.29402507382455406,-0.25084238398479397,-0.3041253954573995,-0.20791252424295523,-0.018851982521895613,0.10848998410042643,-0.28705939691657,-0.11778956902328688,-0.2635744702784403,0.35477433278779624,-0.1380968419242263,-0.3094950553610093,-0.4413054667049784,0.11874629143714917,-0.05671143615347044,0.04780598770405278,-0.20444741333506447,-0.04208881397246699,1.2572710744648161,-0.6047028460821563,0.07004769057194074,-0.4072834280183119,0.11303654139460347,-0.3626783428263975,-0.17849989072170996,0.414119226497781,-0.3906035947044313,0.4631399703136655,-0.25362031487836795,0.6514360271049912,-0.005508267357485589,-0.6092632654864878,0.24705760563155976
10,0.4858658252787573,-0.26820264025233914,4.16765128156848,-0.0440931827817566,-0.06782016488844061,-0.049291014242964545,-0.5035430113859063,1.0383049752980757,0.12445590045726349,0.2763738844527947,0.8495736806925444,-0.22899497561587456,-0.1676163774021817,-0.25918738629472404,0.07466577056107476,0.08239737340954541,0.13037846399591935,0.3550192201926967,0.037089556099993426,-0.22470552602587446,0.4398899769734285,-0.2391753139450523,-0.10776671479481544,-0.17141368763259143,-0.18525370122225773,-0.22633504736415086,-0.32628596380573466,0.05904341618534617,-0.08429890442267567,-0.011750069118053619,0.05214040204145417,0.013933791355255567,-0.2182908516925954,-0.11329657641482134,-0.22144978629355921,1.231496342191699,0.328390527354457,-0.16533547038675786,-0.0077550847303593465,0.04881326255789358,-0.04199141904297964,-0.1138623878131394,0.13001741494287056,-0.17732937973271634,-0.13398239707562576,-0.37062965068353704,-0.03204074054426811,-0.24270060936253268,-0.3446022165782196,-0.22760092067363943,-0.17651628490776508,-0.18752070617948635,-0.21955326337470088,-0.23301772700619858,-0.1301105604732286,-0.11017458451606554,-0.1771302858535118,0.023659331571180796,-0.3135721931550146,-0.15147745782113842,-0.07875671297494419,-0.12457940019559778,-0.199834622921468,-0.13530927375814747,0.2485506504148315,-0.4862333321385044,-0.11979747080769416,-0.3133996400080481,0.005151921955059439,-0.3775580251952727,0.43503461981294245,0.24627465196547516,-0.4814666562217581,-0.20990197481935793,-0.29124058482225607,-0.048259316936087086,-0.49873197504592975,-0.2795483452004476,-0.3554961856376117
11,0.1322009337121483,-0.27259631558578545,1.6811083390213477,0.2745481266291112,-0.005027129838568111,-0.08172014531539683,-0.48689568486313556,0.5363878341093558,0.21848619416109738,0.19008253371804334,0.7930231989435756,-0.0966732822287314,-0.14635004597205345,-0.32627617450861474,-0.10184970304125122,0.07881803429546813,-0.04672577300214093,0.3310558156723867,0.12708970961401467,-0.32360185188266977,0.2738512586996453,0.007898798443565575,-0.09794565135746412,0.009922066983689097,-0.01050827044826972,-0.30038829120259636,-0.37773324923584484,0.07027062106561091,-0.02514796263552577,-0.08800456179153987,0.0022572053506331323,-0.05789383682214585,-0.2939749816700873,1.1651816979749448,-0.07954016579392906,1.1147357420125408,0.4253165771297009,-0.1847724234435712,-0.0520590355825099,0.3487519043040616,0.14970303893281386,-0.0016561247512350144,0.2182408137561427,-0.02811398008881761,-0.14807513977051984,-0.41238943762952934,-0.05037752197054089,-0.1465773544822961,-0.1891930047233042,-0.16269272340860938,-0.10127419780004926,-0.23013766230525795,-0.15396773385247003,-0.24323065002512972,-0.030060381511705606,-0.02652596089518507,-0.0679054368778978,0.2162608509370791,-0.31202182513995924,-0.20305022465696312,0.00654125987798806,-0.0019111710446384858,-0.11538980641656224,-0.19841309437687307,0.08131593772406003,0.18476234855545232,-0.19330601565690478,-0.24179122797341002,-0.12528377742010308,-0.44782834560938056,0.6074622426608924,0.6237970670324555,-0.48623851458115597,-0.3529298302454021,-0.15358942242342882,-0.34579908247078894,-0.49088095930424674,-0.35912397259484424,-0.3081112933794136
12,-0.06549548134717245,-0.16372195142927246,0.41062560312566193,0.18586173920152416,0.09287959173182508,-0.04212209497681513,-0.4454163858966908,-0.11116174739463465,0.05784492613436508,0.06287324699724889,0.1220226935554865,0.10238197124074978,0.010721136928612861,-0.3559733171619162,-0.16437534694695957,-0.03532891891185775,-0.020047383504365905,-0.00289976109344129,0.6268597228673918,-0.2939015014095477,0.26497373935991275,0.12101443897326224,0.0528067334896803,-0.047598414319324565,0.2030043779939348,-0.2395643446466392,-0.3669652127504729,0.06903757544292292,-0.0006765630596569423,0.005494885264030964,0.21978811730920894,-0.040964461388349416,-0.15008436562492997,0.7401309296219484,0.10037120392833117,0.2538957524634219,0.37651436246025666,-0.13905542476614074,-0.12203201395915249,0.1223399476638943,0.029658635290591026,0.020994672683226794,0.14751915551377767,0.007832147484082804,-0.14591199255274687,-0.19001431706912794,-0.05739748554453335,0.11684107276266349,0.23428287926599875,-0.1163932363183874,-0.010980550982750564,-0.3324258424209492,-0.21229214108110034,-0.22775224074384307,0.03192352180510842,-0.018906078141595187,0.1617591205830294,-0.02991022239140094,-0.32440898139874125,-0.2213707352577797,0.1029562969418633,-0.09388520048770194,-0.0907113777038212,-0.20149211179969279,-0.09072390658609038,0.27248369058713917,-0.10532936950156778,-0.043060755050879744,-0.13230529178995912,-0.2558767324069093,0.7681080886213133,0.36719850448454927,-0.4341607738912952,-0.2682876108528417,-0.07952167246134229,-0.4305815011347706,-0.25740245707714887,-0.35001998132514633,-0.13150790743601584
13,-0.17507816626929168,-0.07072628439752016,-0.11049262127238922,0.06500664477724309,0.011724060914065545,0.046502112923820116,-0.4063785789724688,-0.38849529906475655,-0.1202899665845937,0.04268939139770513,-0.22789334681034912,0.06713934734652001,0.0303188530823978,-0.23853315735026567,-0.14140026400458947,-0.08329728835306865,0.058759572340382676,-0.11307904286059323,0.08496546218807524,-0.20676250037443708,0.11890216294533118,-0.17735566706602432,0.02499603568716157,-0.10637862812088084,0.1211082237930679,-0.2114461608168341,-0.3523458347484352,-0.0034655071711337903,-0.023843162449044514,0.04319878352225603,-0.09345157498474849,-0.058183537364328436,-0.12515888592550858,0.10767758107388263,0.11975654778098287,-0.23046058524932822,0.12454774695757057,0.01695423481052994,-0.07442912276662654,-0.009110075942785888,-0.07286319181624006,0.5092091623196278,0.046846750349499276,-0.0686741812790545,-0.11001020589358969,0.05664976132655939,-0.04429473237494022,0.46083105055320334,0.47284805965373194,-0.12059554458880763,-0.02380108618423229,-0.06613224508353871,-0.20894657278882708,-0.05068112330373591,0.05503616371985288,0.03354865045677723,0.1201888969307832,-0.05136416047822199,-0.16131405530172166,-0.15745318175782086,0.15739591828740995,-0.1855412758660801,-0.025148249958570186,-0.16412695244985007,-0.09496440643244916,0.08579020001433814,0.009418714915589717,-0.021344710549846182,-0.036123196300175034,-0.215597691979443,0.3288566787060547,0.07186338828871304,-0.44836457571061994,-0.2758418034824933,0.22190555895684624,-0.3943724443379642,-0.16954691444507602,-0.31637930703227385,-0.011212154995301742
14,-0.29452265037191444,-0.21313372506266745,-0.2295231482571139,-0.022345083530268324,0.04080731876363811,-0.08321441136590939,-0.26227841697865123,-0.49694277001411985,-0.17484831164263112,0.48450647520633433,-0.30214871452094105,0.03760725695187348,0.12025381113999338,0.02940463025719698,-0.08402103867797191,0.05185542140694434,0.09188104458479021,-0.25352030705749184,-0.3563054747079964,0.057425337243011354,-0.03473713487361273,-0.15971627940087282,0.06672147155292568,-0.14725968624749433,0.18262798986605622,-0.2376321085740177,-0.307527048663335,0.07215263806866118,0.16835902188311944,0.04496129388996409,-0.19411519633371518,0.12892680031786607,-0.15093442533722237,-0.09745360543187571,0.07578540770602255,-0.21964112421618406,-0.014910645762525931,-0.04322000167775344,0.10252767292930151,-0.053460051189222334,-0.056155618840633935,0.36262757011159075,0.10048218892719896,0.07335199285026421,-0.0930440288347882,0.012647300615066692,0.07294042756352455,0.48674293439315286,0.460953077542591,-0.14549183943018903,0.05056116027240148,-0.0036914179730331343,-0.2699969986259765,0.2421364550175911,-0.02082351104164566,-0.015538362103178285,0.055099715508036794,-0.0924669254988378,0.10329682127193353,0.01773386428466972,0.09882674194617887,-0.2113963698090122,-0.05119513982734486,-0.09491320663271663,-0.013092799344463937,-0.11883468348985565,0.10571179389920597,-0.10830677156203412,0.02699136192076023,-0.2536039629677731,0.142974307209438,-0.09786133303021603,-0.4336191034829311,-0.16479381559813444,0.6244454804338424,-0.2603659109083669,0.04592480735933592,-0.2447577840710416,0.14766519613308063
15,1.5716060134488814,-0.14604480688823074,-0.3089945159695907,-0.07706610745336764,0.13528403460849192,-0.1205710626287223,-0.3907130624168551,-0.5366651321298033,0.13853653710868802,0.2446218882104274,-0.175793540814164,0.255786157489726,0.09626320987093774,0.07200799058252774,0.24565051510600094,0.10698246907630982,0.03610810955925278,-0.2418790684681171,-0.5872622025168339,0.15988630425593528,-0.08740556518589447,-0.2085313081712805,-0.04215525083667861,-0.05979043406608797,0.02645241440669236,-0.2786239634152768,-0.2648391635534422,0.05853721850866369,0.06515188556419105,0.01949129112524188,-0.30089871590756906,0.13479323629706408,-0.13112371170328913,-0.27656110995438277,0.15573477468078925,-0.12013847417139455,-0.1541017980484595,-0.05020766661966567,-0.011803784239002009,0.002708555940186127,-0.11076085734627344,0.23516694291843812,-0.021880407542904788,0.041371474494426214,-0.06553654481176487,0.48732321979426585,0.02051173235725786,0.2867548776955014,0.09188191336172064,-0.13636743205209775,-0.04592279398286757,-0.023278250852852005,-0.2672585890237824,0.14520203342268398,-0.020059456763472233,-0.08040941750985549,-0.12906045991673062,-0.1685197149716686,0.08102330604138326,0.03771850053873966,0.03734925095859696,-0.19319543835008554,0.05062452056877416,-0.046450755321461513,0.04523711973778536,-0.27621155638397,0.019868764405805924,0.6237952038879753,0.03945296850509908,-0.06773780589621327,-0.19952863879807403,-0.1523579406248417,-0.4209801272877693,-0.23949488023749074,0.25451114094261307,0.5731028610464496,1.0892772175154308,-0.00020365581398948754,0.329392887289175
16,1.1240345216509857,-0.04023235637082923,-0.3409454656718526,-0.02417596206678239,0.10959887545445364,-0.20239991777583644,-0.5055587628229016,0.27784489230949844,0.7089507122757649,0.20860229483996523,-0.1001075987544631,0.18091840724809813,-0.05357163127007728,-0.08343381015232042,0.19741119550263916,0.015931397451789196,-0.019684960099867782,-0.1396352091814613,-0.671433940358097,-0.0004027278990583989,-0.18252600191456902,-0.1725436857323315,-0.09833999616087598,-0.048102307318741606,-0.24889736398109918,-0.13873244259928566,-0.17576924942991592,0.02736063339606711,-0.025007248889924918,0.008985346972629317,-0.1949588584522445,-0.03504370655749226,0.30409245319868977,-0.3479315445206682,-0.0038199604738640563,-0.13269352791878186,-0.18423829623944735,-0.03595925557719167,0.1906039272233766,-0.02251140670964931,0.0442443886536516,-0.03810195630602431,0.06850369998282516,0.054870757442445205,-0.02484031991620039,0.38396999978863705,0.009265644616554394,0.027441642991822418,-0.1266566186089849,-0.11749409289300632,-0.05663799619783146,0.05276107806593542,-0.1603614865888145,-0.012550521444127792,-0.07483941974322326,0.13829936009615576,-0.13899976352053428,-0.09514002627012817,-0.03973173265466556,0.03003326570371513,-0.04031911723767456,-0.04778961608554604,0.013568437579549432,0.022730917397517564,0.1456954829458157,-0.2727570076708006,0.015025298844766891,0.8213580723572947,0.04141393197776155,0.36791035084138857,-0.34914301035777945,-0.04697294831286015,0.36285134538701275,0.10681806194950307,0.14305565697018047,1.0341661459564286,0.9520554395379267,0.7058009245205438,0.09773606841962763
17,-0.09402081578458937,0.8059485355680287,-0.3812636806552593,-0.1209558592866227,-0.023979905661547903,0.023358778022429808,0.5381399866002732,1.4824807899672183,0.044720585648962384,-0.07734013285915585,-0.21374655602471518,-0.011330687108507717,-0.17049388741954885,-0.08464309920450888,0.042517363592987294,-0.1224610061049069,-0.04892044806271264,-0.14850035937831912,0.09244671215609311,-0.0378913699738061,-0.19673003285814097,-0.19063291867796994,-0.19871013779116833,0.22691372840654167,-0.39063695200481746,-0.015389397595439685,-0.33960409490078103,-0.14799143357777927,-0.11180204560830982,-0.04337157865634503,-0.23661969735295427,-0.0911731866053734,0.7890875385408427,-0.42985584762193185,-0.0875735494155394,-0.22351821439235603,-0.2280451704856923,-0.0639902333326788,0.05874173750249926,-0.1271415655338646,-0.0845121220069696,-0.24208386227694292,-0.05417469237602245,0.0038166563900761366,0.005282312235772385,0.2733981736003035,-0.03665588032465112,-0.21208890899203617,-0.26863406022649816,-0.15153596543122166,-0.024350986591158606,0.13090879854949314,-0.051444652184807434,-0.09969608602781022,-0.05129017538380851,0.19107158380926106,-0.10976230230674967,0.15217556434261115,0.09191693058708766,0.030940970605489653,-0.004714295506590809,0.11991952057007699,0.0199033364142218,0.021191408686107766,0.060009730615589334,-0.32954871316940265,-0.011450236376347157,0.18455219689089383,0.04810334769498935,0.634919015195087,-0.3771576829397437,-0.09425311015294639,0.531138883528443,0.23431710128766348,-0.0724444918752843,0.6739598475748932,0.18287893707291913,0.8751023082273102,-0.05260077402092725
18,-0.4330161472238482,0.5214751315952557,-0.3792866053145668,-0.2363012070870019,-0.13016650151824277,0.2299232706242316,1.1544038569588797,0.1313851924401916,-0.03277237952866687,-0.3633899214923169,-0.09508224783579787,-0.11284206021883016,-0.05122194853400224,0.2777690578960511,0.1369574863495517,-0.04705974564339574,-0.04000080538534334,0.03296677714761291,0.22279546758380886,0.43339013682763583,-0.09661781066466606,0.17569108806516548,0.0003588746359092351,0.18097183189447938,-0.1363308396308813,0.27474236852365036,-0.266882732521469,-0.11337530014926345,-0.048532028722660304,-0.001192286425214262,-0.3358370407844421,0.06633337692253549,0.17700132231510793,-0.40814781364837194,-0.1422491225782374,-0.2760898775753957,-0.22074745093739714,-0.00786402343143426,-0.12231828564158183,-0.1837402538817219,-0.06330797766702886,-0.2745757826055624,-0.16221012799890666,-0.057525581782030176,0.24768394374382313,0.3024828489966371,-0.0290347108022562,-0.34106513927923454,-0.34987811912191985,0.004753912686548864,-0.008419586230493822,0.06902937747694426,0.4660775896488393,-0.03997345660914704,-0.027877369288353146,0.0538229813547215,-0.005059227357091107,0.09950472529451486,0.288513699127563,0.1267189661577357,-0.03104020860407873,0.33480218345691043,-0.015292254441519245,0.046015986657591254,-0.07708055925432769,-0.207617929600688,0.022220414887210712,-0.03390170215443613,0.0044877246498028255,0.48208686617562474,-0.2914406934327128,-0.17370313649650634,0.4511522198933473,0.26552391859615276,-0.12569522065638034,0.25336950785597967,-0.09856808178802266,0.44489765334706366,-0.08931898899488769
19,-0.22504033236726007,-0.14174219218345688,-0.38445877562548547,0.05296049066784294,-0.06694272156330255,0.062227484217308934,0.3356612301876154,-0.21469432334648506,-0.07343145444952524,-0.33504663490572373,0.02951221897976809,-0.12447893226303881,0.08061568498359771,0.3614133342845933,0.07586882944969346,-0.0329775282529749,0.0030470412155949892,0.22721439608437682,-0.07567160962862673,0.1928217912405019,-0.13100728312333462,0.21763575255177386,0.1350745708109732,0.026375268834217872,0.13203693355973767,0.11256493472282211,-0.10550191645237955,0.004010643130637943,-0.04278834947040467,-0.0207354160906828,-0.2428869016620292,-0.021536418778227928,-0.004508037946921767,-0.40310207480997345,-0.12721435171965678,-0.11724115407584362,-0.20742654314219916,0.0886781979499281,-0.08656158930767693,-0.1081835854246431,-0.05001498857121435,-0.31224395895582385,-0.16816038737629024,0.011947402331977632,0.23572206248733232,-0.1754669734027346,0.05242869520626669,-0.34271179032643345,-0.2764027057151577,0.24665655979968182,0.01296368387884032,0.20696060315801287,0.5195695093441861,0.158607231110739,-0.027113315010179936,-0.0008542130467814157,-0.013715809010584314,-0.006251744300670826,0.42878569240824904,0.200681787237333,-0.12144976477483972,0.1720872521100001,0.14237292189520773,0.23272952756326434,-0.014279678377547941,-0.05968393791669632,0.06481487890470887,-0.1448171335660256,0.08436535771769146,0.18972522681311343,-0.469992406848707,-0.27971023620112045,0.6568580059268488,0.409894440216695,-0.26190061616405574,0.0265189900056009,-0.29036780158342046,-0.002313222641915828,0.011865135612925806
20,-0.4166333537969533,-0.3194583916163514,-0.2977145950526044,-0.12170874391846034,-0.0545787474363587,-0.034383931500946825,-0.03652294461896705,-0.40229454456696717,-0.058246130847696205,-0.24899684627256255,0.07010629452713599,-0.11758977120976258,0.029893185920065374,0.26483073520493716,-0.009347841827461364,0.08346856248748102,-0.034101357745458014,0.16864154995358643,-0.13491778755592604,0.018633654073376388,-0.1112293342992421,0.21399609528238003,0.05885335380866148,-0.08315573336514116,-0.1277538775355203,0.8957369630043304,2.3813992528261614,-0.009176455318320528,0.01927920449829152,0.040157589162289266,1.181763804365617,-0.06030197257903874,-0.11030445264799207,-0.3978697572042388,-0.015070744588764184,-0.18154206479546137,-0.10114707817125307,0.38347734051078686,0.30793442106474894,0.007835124064095459,0.25825308202495606,-0.2974386194433204,-0.10666329325249449,0.015994069599074266,0.07388959339648192,-0.35463057623144034,0.07187947588987322,-0.3087267423245225,-0.17585804003716257,0.5816662687430829,0.1512243576203103,0.24876663945118058,0.178259588563939,0.1153878371586532,0.09026452347420326,-0.13620918392416395,-0.01154449755279589,-0.11942837293340364,-0.19579158759579274,0.1680800528485965,-0.24586519912652624,0.059120499420530895,0.08483604946961468,0.4054591976736312,0.10357856191744338,0.4488605814036851,0.08805105452229829,-0.21512509992223733,0.09031150502189385,-0.06608656932410623,-0.5092818951784616,-0.26497320330008783,0.5842139856051328,0.39161248031585055,-0.40771075675280977,-0.09583226763103293,-0.011314747749772099,-0.04720203809516521,0.10382789979136473
21,0.22919135388261494,0.4156399159206862,0.6282627627274225,0.9743543919220805,0.9647710936489059,0.9879964580360283,0.1755480082869781,0.014692932994293258,0.9158239535701723,0.4717305240555592,0.5823986370824432,0.8331310545304301,0.9291235796905684,1.0644597438732923,0.9252618231169252,1.5596193650084043,1.2288838030295912,0.871332376931113,-0.18766520525108915,0.6905685120036213,0.9233509482290234,0.41098743311012714,1.5627905424014552,0.8077599521910215,0.44598304137665395,1.0596095486970905,0.8473426810926209,0.7793367512492698,0.7716628100677132,0.7980024882499309,1.2496719091761277,0.7253477915363186,0.6863167601038642,-0.02537741639783998,0.7623462966168951,0.2995670349358016,0.42515212147790843,1.0155477776012767,0.8109137670929942,0.545230208140195,1.1233934125229514,0.24196467672999195,0.4261674752395708,0.5552171593656685,0.9908218703869452,0.2609433246526137,0.8775131292769616,0.14636644084507736,0.2232349457283877,1.1123532338249946,0.8741862783264173,0.5976742541963369,0.6525000894905099,0.17701876361199545,0.5812103286797777,0.21192420938046883,0.4940127698911479,-0.05560425135682035,-0.37147891215318,0.9372086729522429,0.7840810690959048,0.2706607671395767,0.6298833647401719,0.8891375543906289,0.8524531394038715,0.4901202595168116,1.0087144310701655,-0.11220810859731319,0.7279725465113825,0.12313772055140165,0.0794115195089912,0.11357223281255509,0.8853655367695811,1.019627639936408,0.12632318001314344,0.34377559709006605,0.3602999973565603,0.07420180369885022,0.290225994999124
22,0.3806304698542325,0.46439149999620566,0.892114058417869,1.1683077396920398,1.6649868206239953,1.121075080939411,-0.08771608025162134,0.0090411513352014,0.6317710165318327,0.6584580285848486,0.5040104990299806,1.2587484045182564,0.6790696618500062,1.153315735026576,0.6905650849289026,1.858977522447072,1.3618730578468021,0.9814723744285594,-0.3858825094652765,0.4911283370666098,0.5094256940312021,0.36594837836077576,0.8611760238359526,0.6937486839751071,0.2813688419202414,0.8084070050472586,0.4928183979428463,0.7763904211824256,0.579460625735549,0.609068288636992,1.0789843319892274,0.4495528753784719,0.7735415312601053,-0.10243444730772235,0.4172750349057599,0.38003415198566726,0.3782205898476046,1.0917534844620393,0.83312027045858,0.2807474620429432,1.1373468355379026,0.14956538851716536,0.3594846802058767,0.40208603238165164,0.9485759280816328,0.1318794518353548,0.6818205930719856,0.21236970365363386,0.13436744967119718,1.142732641220728,1.0618280086098693,0.31077081742105317,0.6335418691676281,-0.02086692703970495,0.6716688976849459,0.2425171315072324,0.47987416426007,-0.21195760250513565,-0.4836579843952774,0.9110516433661061,0.9272431723151949,0.26648858941273273,0.6605584209905884,0.9876180022736263,1.0496018129673257,-0.0923744533658325,1.2136973690585786,-0.22903847035271285,0.8807853693850727,0.06079890164938121,0.390776912313748,0.1950959504648908,0.9662807782475866,0.9260885617196974,0.3234125490768774,0.3478743690772582,0.5427245932407246,-0.06993175608950125,0.013704629791842565
23,0.449438202247191,0.4695022777804476,1.2712888648292417,1.0960479260499987,1.3485009900042366,0.8423410958741653,-0.06812332382737915,0.1843089486156725,0.6801629001055222,2.234342078776086,0.411218800436916,0.9695198429972183,0.9338910519086916,0.9627082367210075,0.5928833868335602,2.42119502898597,1.1252709786103074,1.0841745501951119,-0.43653701933764955,0.6044330023864124,0.3465450441127005,0.27171260793636126,0.7546465919428471,0.5870329100550996,0.5893257238337558,0.8012826254175314,0.4990975692591338,0.603971704847816,0.32769815053812335,0.36148742051423827,0.4533352180576429,0.7856417168780747,0.8150791948285633,-0.18117879924395036,0.8516443367231078,0.19715306808002378,0.23954336147352284,0.9121945908512461,0.7195113084887883,0.1323694416781195,0.9056750477760709,0.5917299089200678,0.30804319201313407,0.1462730617080385,0.8701860557718902,0.13851736570377807,0.5968914115962018,0.35007089747564296,-0.10711399794826018,1.1217846108248546,1.0766753195968795,0.1696333394787656,0.6525992174399107,-0.16552055411291666,0.6641647931671717,0.2255651602027433,0.3561022451217152,-0.20339292618332913,-0.49554308665325747,1.4084134158784483,1.103857189020868,0.14712398054362394,0.7261984285760658,0.8306362233570557,1.0291828843593154,-0.39860608287332405,1.7933714258027451,-0.24354613047494234,0.9383965785053099,0.018052282973710088,0.6062759535939036,0.1277977551907565,0.7334828738528911,1.3686259145123982,0.10047125035807171,0.36622171572134826,0.33815210351709646,-0.16835515268422235,-0.1573444393126184
24,0.310237996659195,0.35193162358571456,1.0274378045049073,0.9741319487354011,0.920484136001943,0.6835753280072103,-0.03078847932406674,0.0896120608418118,0.7054882606401688,1.8591692947728646,0.33740360944912673,0.8378455647452021,0.920916716800799,0.8724182213819428,0.6471380008800154,2.098740989964497,0.9242870661825405,1.0918218880311015,-0.3382164058728778,0.5786118202302539,0.5356944192905745,0.27566579373457917,0.7189302197481202,0.5747751651344992,0.26076460280690716,0.8708075614048025,0.3789025277764304,0.7564669998053086,0.4306110672071592,0.6304257672103954,0.4716413468835093,0.5554384235462166,0.768311502860747,-0.07564011389416916,0.9126737699794721,0.3450563601074946,0.4073292402148889,1.2880988375309896,0.6850905466728869,0.07909098033668677,0.9013470978378986,0.3144821526572831,0.47536515053860745,0.10864342078827212,0.9289623171145125,0.19670674036935143,0.5575301045037401,0.5830262803474229,0.11395357904912749,1.0703195659614209,1.0784350008990435,0.13755834117684565,0.4840817034587394,-0.1656619094488188,0.7777087164342921,0.13029394756039026,0.26439837474112665,-0.25935137192715024,-0.4506234626569707,1.4003045854225957,0.906431725949749,0.06272656381269145,0.7827204871106677,0.6994732884547539,1.1111927686162038,-0.48984246182522034,1.788527960241706,-0.2000511166819835,0.9390291473674592,-0.016224790812445516,0.28733656136144964,0.17391664989792813,0.5796398799345029,1.3444307984418442,0.19811612192971123,0.28064285321151405,0.424022588191755,-0.2124312661627789,0.049180588956664405
25,0.020573076538697593,0.28507035698295896,0.8354320144985524,0.7219327080841939,0.7862512607708385,0.7832997979973672,-0.04211839257338473,0.03479742568567517,0.718068501582835,0.6478292961148763,0.5838658928251191,0.8546617578704281,0.8911370421240223,0.6230692398244926,0.6278222220571936,1.7053533327333898,0.9278508963267715,0.8010790079412424,-0.3409591897188816,0.4674489351008984,0.5582811570205167,0.247748122994061,0.7525809763059282,0.557215589524381,0.30188356814643225,0.7174970759617714,0.3035612051816993,0.7249010318644946,0.49838392395203784,0.685184545203207,0.42007082595562983,0.6728214619818337,0.8449321393009338,-0.026878158656849,0.8375606213562544,0.319694311734846,0.4118106567262363,1.4731032907172044,0.7053476762009777,0.14124631802690196,0.7935417993779744,0.425590799984478,0.4138514355785622,0.05011327342889389,0.9550976555143214,0.24052898622468802,0.6371722101391616,0.6898756371878858,0.22097211596767236,0.90966860218266,1.1604487187320518,0.0642137612402498,0.501999080312914,-0.10546809557714854,0.6167934279204231,1.0384660450313905,0.3956803084265517,-0.22440134747493523,-0.3991455609269368,0.7118860595017373,0.6676603524950097,0.06886075076795817,0.6424609066012448,0.7402702693071141,1.108254378777015,-0.5318616029822926,1.5644514892055956,-0.17098685493349777,1.0175942000463885,-0.050872928996827466,0.01479425263788772,0.12255822848391651,1.0199491383905799,1.070608268472962,0.22880075489926252,0.18446740245991064,0.4063429334249725,-0.25796851404264504,0.6638941534345187
26,0.06257941550190595,0.34120923455953206,0.9606232494645421,0.7772012844668115,0.9163840826462983,0.6990160771958399,-0.03246537599363614,0.1049754525596382,0.8680750967288076,0.7090518687512583,0.3726911100604834,0.7451987988696979,0.9225512787041557,0.4757179038989762,0.6817426530790326,1.9339346313396832,0.7336120861493856,1.0107260606025337,-0.07457142580980054,0.5614626012228283,0.3847183772735502,0.15863786243216338,0.6505207855181566,0.35294174923898763,0.25473468922753095,0.9531468973583552,0.531882004754743,0.5353884093711466,0.3334290376316882,0.48883743433784904,0.2825271177109528,0.8731493869011099,0.6786662226932324,-0.12570000838252415,0.7589670143377796,0.30919677515676314,0.4036289880495561,6.412033062453483,0.5616665555912344,0.05827504936376655,1.099884775358789,0.30664916764140093,0.3600497886383658,-0.04607145578872258,1.1846979755022682,0.12162722890735302,0.46427245238979364,0.12760147995303975,0.09136158352369511,1.2774393793803447,0.9089399840441597,0.01922642406532821,0.43223778592217915,-0.19220137376444957,0.9333711317857191,1.4037895309765622,0.49571828846195193,-0.2444342406115015,-0.38197468258504125,0.3145231103348928,0.28587795710131,0.1253790245100361,0.9170603199226417,0.5515040501195615,0.5651823210078868,-0.5239846942433148,1.5705097146179563,-0.16611367946111516,0.959223908291572,0.012022486502532497,-0.05141487221199544,0.018472749392101088,0.40146470735468043,0.9749941606829364,0.12414947454742557,0.2093514162778876,0.2820203148336615,0.8400350825958809,0.5552803835066653
27,0.26475165255628685,0.15298691509355208,0.9213465295266786,0.7472741203512704,0.7853897709607031,0.7443243585131657,0.16807582623604753,0.06227773675380562,0.7248285262047133,0.6148292290142924,0.2199620143791062,0.7161315193412963,0.7639476940190926,0.29978239931509304,1.1017940058704818,1.986945427416054,0.9203809472673947,0.5858666837383494,0.8640644713403537,0.3539944949426028,0.4429607254663525,0.6435029164211703,0.6735054540598736,0.4089943683263082,0.19089572562401336,0.8921332834578463,0.1960467711416236,0.6043221493932116,0.4312890516177818,0.6782209012994195,0.47904682547948885,0.633186806554475,0.9271718145172908,-0.033992488176584484,0.8888164417933802,0.4117787025977902,0.43127809450718135,2.797723609740252,0.6870808164650141,0.11752303801726828,1.0432139243826584,0.24523257812196816,0.5282692723213214,-0.03035866455130567,1.0916503593586608,0.27045466428308435,0.621310982618075,0.12232990958665987,0.11625271089156568,1.165702437056526,1.211887973939958,0.27538976134005533,0.6379282809286086,-0.1977731299212597,1.0766176651168289,1.390851605051196,0.5959282535633156,-0.021998458614306046,-0.5221298456894401,0.18001637230693207,-0.011235970774165558,0.07586349516821836,0.7668371121198507,0.7685106322320382,0.5373770869609749,-0.5025584271273925,1.2828452375184292,-0.22252225867371633,0.6298294875489362,0.18214623647934097,-0.20332070812332007,-0.1978685525481058,0.4324344980043219,0.666126686809171,-0.05512561995540251,0.4460603549031479,0.014193618736700178,0.28241777876830454,-0.10193266336460208
28,0.21206972859529147,0.4146041012695369,0.815731870925224,0.787947001484856,0.7043299612329587,0.6938217237821532,0.11321610824816912,0.04006686049206091,0.6693963243053112,0.6063477152251224,0.21134188689088484,0.6122462907355075,0.7493728503808301,0.3491171119751723,1.0369624990949209,1.9556719316529119,0.9661268347684852,0.8115155289263174,0.2633231691889401,0.3769400001996997,0.5692106931256626,0.6309617752682032,0.6739561338352015,0.6554199534324971,0.261537668650417,0.8669193808414905,0.312233273494736,0.4890648322408981,0.35375577779167544,0.7268454520320707,0.3060693082565805,0.6807339080401963,0.943856037344996,-0.04971377735474569,0.8500862245345333,0.22951347417139425,0.35059204034645336,1.615860482300593,0.5348115453823924,0.3014945800209114,0.9430949525986436,0.18902966334240606,0.40994553905988856,0.021499781766788323,0.9346446142835875,0.3119241050719359,0.6374374480575745,0.23990536838734897,0.0726902128243154,1.0456455594668375,1.1262134905408403,0.2559027339780954,0.6051293206706557,-0.15871193876696257,1.023775125485303,1.039611295266677,0.5141708528309458,0.04795535955851179,-0.5279366212081502,0.3077909656467315,0.0692903516416801,0.07100112447169213,0.7517686634354355,0.7952114864455523,0.7595769742906893,-0.3785239981360669,0.9743741045039557,-0.21734844253374047,0.7610717122233388,0.056327575650754136,-0.22395402651068794,0.04418652162091985,0.2635279079676184,0.49457734646363427,-0.09750782140790955,0.3047109977239837,-0.0248086810557898,0.6682004895424655,-0.1837782095589991
29,0.3393629627514527,0.08893714540105885,0.6798785510862145,0.7916600916009636,1.0397526141606945,0.5422426640629014,0.27012324273393046,-0.055311299855712454,0.6303860358775941,0.6081057505200296,0.22665025513947065,0.5902009753650239,0.8459992962302916,0.4407769414618487,0.9447446934520548,1.9347706813517302,0.9967516124485727,0.46802696937863925,0.033998807139198006,0.36789359995473464,0.5067333316084962,1.0048377300534512,0.677186005558384,0.6107925603971748,0.2627176112536687,0.7410276808952296,0.07562466644025044,0.5885781037056266,0.4050267498251739,0.7292473043959083,0.28045144107012676,0.9135626125355844,1.002841536703049,-0.016843465822284912,0.8118011821867079,0.2446999104210211,0.36892884552132466,0.9981187742404151,0.5948331747983981,0.490283031671181,0.6880690973132987,0.35299848662072925,0.3955518948676704,0.08287319611198476,0.882519223491133,0.4100310703761263,0.6240871394974625,0.32399892256166024,0.11876965522434006,0.7102759551048108,0.7780793986358979,0.0024216699958275697,0.6136667153127902,-0.19631245811693737,0.7989930856119787,0.5333199783800946,0.2651078131382258,0.4634228150687096,-0.5766705925815995,0.15184726352186143,0.1505469002457871,0.016910158589283537,0.5313234095696608,0.8050739641280215,0.5541547167878724,-0.2830937701627355,0.8877368089539222,-0.2805668824494989,0.676750282898852,0.06750589064732178,-0.2783712352502474,0.0488868885874782,0.1683572770123486,0.38530601788714675,-0.1315793908007885,0.12014970554240736,-0.08891044026487267,0.3136462844341629,-0.3371131886158403
30,0.38852205074025964,0.049371302242873796,0.6474862899239767,0.90484945159199,0.9265464717028958,0.7379737277984876,0.2017353998003556,-0.08477981455791446,0.625406700668308,0.4959404146816077,0.28494921664846157,0.5337264551162393,0.8607784601064736,0.8783255448935184,1.1911378375016477,1.7611596710375441,0.9764357671630971,0.3961760400874149,-0.16097935122700335,0.4049628724817026,0.5221016273835084,0.6926178420452359,0.6121003346714627,0.4724520236659311,0.15243773429320087,0.7984850320853922,0.1262597642035807,0.5657862288273087,0.41188334688354605,0.670687033453138,0.2519945838975109,1.103533743071832,0.9333959805462795,-0.005632515541470421,0.8841218700044292,0.36157248432367856,0.3668937068303917,0.959341249712194,0.5733764306010797,0.445726617439889,0.6292764267246225,0.46965757715185324,0.4829276310322093,0.12713712666532714,0.9031821222877705,0.6541320930398131,0.6587448941700705,0.27118030320741177,0.1938786623086242,0.738189020367023,1.0055024955004181,-0.12989549530567523,0.6386593495554387,-0.1852749623052437,0.6457729151854271,0.38011724641022643,0.12439536500247231,0.4892858331633488,-0.5809206849405902,0.15225573072765997,0.07378501973149511,-0.004749492695242275,0.5377198122765147,0.8221528888952243,0.6744904230257092,-0.1287816330919777,0.8209250171312287,-0.20686097738514084,0.6304936848541927,0.15051299653054778,-0.2245522406555797,0.07755912708348361,0.35964431265177776,0.4325841426752359,-0.061788279964277035,-6.475153218392715e-06,-0.14656633711785777,0.4363729283784765,-0.35544840656802945
