Frame,Cell_79,Cell_80,Cell_81,Cell_82,Cell_83,Cell_84,Cell_86,Cell_87,Cell_88,Cell_89,Cell_90,Cell_91,Cell_92,Cell_93,Cell_94,Cell_95,Cell_96,Cell_97,Cell_98,Cell_100,Cell_101,Cell_106,Cell_107,Cell_108,Cell_109,Cell_110,Cell_113,Cell_114,Cell_115,Cell_116,Cell_118,Cell_120,Cell_121,Cell_122,Cell_123,Cell_126,Cell_128,Cell_130,Cell_131,Cell_133,Cell_135,Cell_136,Cell_137,Cell_138,Cell_139,Cell_140,Cell_141,Cell_144,Cell_145,Cell_146,Cell_147,Cell_148,Cell_149,Cell_152,Cell_154,Cell_155,Cell_156,Cell_157,Cell_158,Cell_159,Cell_161,Cell_163,Cell_164,Cell_166,Cell_167,Cell_168,Cell_169,Cell_171,Cell_172,Cell_176,Cell_177,Cell_179,Cell_180,Cell_182,Cell_183,Cell_184,Cell_185,Cell_186,Cell_188,Cell_189,Cell_190,Cell_191,Cell_192,Cell_194,Cell_195,Cell_196,Cell_197,Cell_198,Cell_199,Cell_201,Cell_203,Cell_204,Cell_206,Cell_207,Cell_208,Cell_209,Cell_210,Cell_212,Cell_215,Cell_218,Cell_219,Cell_220,Cell_221,Cell_222,Cell_223,Cell_224,Cell_225,Cell_226,Cell_227,Cell_228,Cell_229,Cell_230,Cell_233,Cell_235,Cell_236,Cell_237,Cell_238,Cell_240,Cell_242,Cell_243,Cell_244,Cell_245,Cell_248,Cell_250,Cell_251,Cell_252,Cell_253,Cell_254,Cell_255,Cell_258,Cell_259,Cell_260,Cell_261
0,2.555705144631813,-0.5379702549216839,-0.0161657889619719,0.291023318203743,0.1644149250011635,0.3738096682234487,0.028289999212447712,1.0784197856291258,0.2511256338260604,1.0397335859758785,-0.11320953313711167,0.16748857949075238,1.8524808709780454,0.32690115094254035,0.46593645176785287,1.9519474845238916,-0.195533592285867,0.22481395718117012,0.253070340761411,0.2623485485353112,-0.19818231339325393,1.033841919580408,0.5379369969436091,-0.06640025161421616,0.2657154484128763,1.1357452477566967,-0.11544364665809606,2.799689635713838,2.0214287625179463,0.49079437844941876,0.18282752434825045,-0.16465353202352342,5.237967860325639,1.1053321605029554,0.7894915551271661,0.5569632581072216,-0.11564961123232821,2.6035459134833387,0.6537688519047704,-0.06858310946898377,1.9827872644888984,8.715129405057967,1.5551136431077555,0.9274835393610982,3.5297927395620086,3.2580315667861584,0.9821854466633597,2.664151075630199,1.519343241829731,0.29999344956281737,0.2649516878124379,1.576679592963678,1.2216491992493121,-0.21956224158732934,0.986343073097149,0.30835085626427555,0.7890383310270669,8.696343813680484,5.687882639448125,0.09468598505849718,4.981368263693784,6.5186342209839125,1.0943746210990166,-0.02061832640843493,1.3628055875395362,3.5888849910034293,3.3818292721402505,6.824463446654507,0.0024975091331781584,2.025570079755,0.06363834133017504,-0.08722124606026245,3.1244130164080355,-0.4489958558669175,2.4931513311308993,4.372057808193158,2.212256434842966,3.3047760717659167,1.3436813185896266,0.2420150846715966,1.2869833089099298,0.3678323983835277,1.8555455594597683,2.0254087524196733,-0.307598618534111,-0.3262400252998223,0.29524182672147636,2.914854006578388,2.92803248304021,-0.49270295180989243,-0.031074271367053145,1.4467267135325133,-0.00994020961585949,-0.4413923274365213,2.128022863740109,0.7067915302697552,1.6335988755522606,1.0207846416650583,-0.18348763270180982,2.769798506724467,-0.5737960805196207,7.204460260802754,2.613715391500063,-0.28602068900066424,0.4756721139995256,2.299746829001438,1.526402136861577,-0.14337452900349593,2.920503739086894,0.8883796743383782,1.7716625549660399,0.09617336448709199,0.0065485934237442325,1.0300176882394918,0.9967693373342352,0.5419946666810361,-0.5500505214844754,-0.1632912788323693,0.24971563279526252,-0.025238556805939658,0.9962829989440338,5.818455062004172,0.3302285227500051,2.200369343216204,1.6503298835652793,0.7048625934010118,0.6869082850940984,0.09449478640757644,1.2044745300200397,0.8001069602130294,0.7590673171339954,1.7259409833562371,2.283791174861942
1,2.817840027232011,-0.27377514197442426,0.9180863762373286,1.3426349348654947,0.28986588637650035,0.5137822085720426,0.6856991775705138,2.79151521590008,1.4177146796932094,1.571050051513573,1.0083409173468743,0.17149652374792268,2.960943058535992,1.1359172585077315,4.0825192514709885,4.586987958673388,0.08817647859453663,2.4552576640678963,0.058560104416902896,1.5393918866949405,0.3055710852124219,1.9195025137207937,3.5325456936546407,0.6530683983645077,1.8984562129588618,0.545915129330416,0.24898406942984985,5.392485422283529,1.5343881254514489,-0.026491341982875827,0.6130071549834006,1.1926168531671144,2.6460113627085153,0.926450119900055,-0.13954851146794015,0.7359048698445928,0.06592009462742156,4.3869973095797095,0.18494531949486984,0.44189592835612057,3.452782598679907,1.1839978403584528,2.6159394454411533,3.680260182685698,4.99271918497649,2.916619599922329,3.78562910667328,3.5776642275309087,0.9593837355897478,1.650164826362116,1.7084303958287996,5.7547257659645075,0.4998666673375233,0.4965610294796891,1.7107402065643624,1.2774201543764334,2.249874403969715,9.016608749619959,6.742109501586346,1.334091771748849,6.07876296498289,5.824221305970413,0.05761104626437606,0.21069561720948934,1.9964324090244072,3.3121527266966178,2.4402836349869066,2.0332233448219688,1.1048688143473933,0.31305463424439683,0.5862994162507106,1.0222614465310302,2.1104177349732787,-0.2142411767324514,4.224470605994375,3.491190365158858,1.956869199338805,3.2378130162224754,0.9655720584706281,1.2129103439697335,0.9459932763806785,1.9311300820724409,3.1616537680160177,2.1383373869539826,0.24014926950263962,-0.21343511889309896,0.615470175001174,6.453391272294213,5.585814047283489,0.051808872095040245,2.2832328380596647,2.015961684435114,1.3542405502765824,0.057043523356450195,2.5477842126536525,1.363704299592631,2.3669496355400894,5.317206414554016,0.13779855681216543,3.655740374203048,0.38975123312939,11.668213477853614,2.751040565585692,-0.1489038625794818,0.3098500814271836,6.697645128048547,1.4605618240047997,1.3666572587539947,2.2250631509493806,1.7759387751684415,4.007161068560458,0.08863846506730293,0.11939846929673956,1.2178091295360207,1.806103930730032,1.7468074515586052,-0.34221883509444945,-0.1101494112071819,0.16418691841318628,-0.1815362575077529,1.3540126715945093,4.254576913225526,0.36927091645107607,1.2824386248968198,2.6808090730704017,1.7215162084728928,1.0827457995292522,-0.28487427690186606,-0.1545944233849928,0.7108063240225965,0.8842017487803742,1.6340376393342493,3.5539088551315308
2,3.1593952351629517,0.5713137786738638,2.1496185842042985,2.6051347431179672,0.6914260663556917,0.9108857116074922,2.2663585837561735,3.4964724541850627,4.325162388795313,1.628687638716844,2.0566901268338014,0.4919529859611093,2.459618505996225,1.9777084059938477,6.712491226444831,5.569973143876163,0.9167024384115248,4.285876137713089,0.06927183837883777,3.2203597727097923,1.3332521012820329,3.3120616405233205,3.979755975792409,1.8719357643706869,2.134258691698896,0.029699160929934864,1.1689929923737759,7.253351829790791,2.264976948251723,-0.40286670917120077,1.6753091214010296,2.6065812862657887,1.8908329977744947,1.0595521393737146,-0.38375429910841424,1.1451053796997592,1.3662117956822901,4.9161888735502455,0.7149817958175401,1.013399067011732,4.527753754609682,0.27967810482405425,2.384920884385651,8.392774252672053,3.3713938251809537,1.4777249428327468,7.183856654594377,3.9205980077028695,0.574672822400265,4.240270825063077,2.8276365129048973,5.849334620189272,1.1083101468671859,1.0194469094054508,1.5354568369453585,1.7494360252652617,5.300337566874376,4.143360394790732,2.347026691375513,0.8813406075045472,8.309339584179012,7.498100248142076,-0.1411999963806471,0.40879238707947996,4.074518739464679,5.6992429300530745,2.598855521785313,0.00851905207578015,3.082789770840252,-0.4706490957355611,1.383963210500236,1.912519248554715,0.5074442618038182,-0.08603578741001708,6.23292078312732,2.232966847686317,-0.010156926445648312,1.0377462113134162,0.5656883402182319,2.2117613348433456,0.7436495370139328,4.298767664556994,2.6067844198556878,1.4833969907862727,-0.0369781267900938,1.1338861186673288,1.4886303474604672,4.381420662375592,5.470754840960897,1.7177669774133317,2.043381480946519,1.386924890414612,3.9541979871036697,0.3894321895782246,0.7814851164939425,1.086711999737089,3.1363821408216523,7.818915834590085,0.23240832860423025,2.163611629305598,0.6026793515903275,5.356677585685042,1.782288426449479,0.2034355129543515,0.8340178309737692,8.892752185031105,1.3438731024181516,1.4285311089456896,1.3514945639703568,3.138072191861624,5.725249798715911,0.3109298826504781,0.3111725306427492,0.7957180879781199,2.2014089542680093,2.193632887408235,-0.33412683461492354,-0.10776503128008437,0.05321168543076291,0.25147881058433263,1.2645723336853218,1.994286590476257,0.35742558456825224,1.3339430695300278,2.8445754410228616,1.8888191704462691,0.5789525993390561,0.01777842956115772,-0.24561592297587315,0.6004757501142026,1.5788665658754037,1.5127643533363866,3.8044602057199324
3,2.27429366970477,0.5526293721001115,4.727730095624977,3.0668713109906256,1.6868815467280813,1.281439370964451,3.6221718438846566,2.7295959039717426,4.392466365862928,1.490563936873458,2.7463625616294687,1.6775625900188544,0.5340140027626501,2.8910334710168613,5.7991049714966465,4.176992779003308,1.6814674442222524,4.62115749368492,1.8733438725393676,3.9060086711403224,2.2381102557853936,3.7889545582894364,4.039285583819392,1.8661079350983332,0.4177013080972303,1.037374305794024,1.9008690969635844,3.5566336447426172,2.997137481161772,-0.39984021685135285,2.3293053617699826,4.360915561889697,2.8013291619356946,1.7101114805909121,-0.2370971981861595,1.1615654394397161,4.039954356971254,4.394544593464393,2.299909446297237,1.0706245337108282,4.251358257993858,0.6656235437123819,1.1262939567214967,7.561683816278351,0.13978427803522014,0.7112581583588317,6.6144517527468425,2.274038017387204,0.32032812330673005,4.961039893740859,1.9465890669100634,2.4192977119969292,1.5074905283495434,1.4566454571157428,1.2282780460782259,1.3101049965289986,6.791933650040982,0.5882587949736543,-0.05255804476699632,0.3155382635893659,5.636214815676735,5.641904826241634,-0.1538496339929602,0.17238529240941752,8.742093323970852,8.336200165220049,1.555804158297139,0.5314808840393145,4.911550979740949,-0.11418149140076733,1.8937769666791557,1.9304045426017529,-0.17791329857562116,0.3610144237245878,5.8641100189790905,2.464820685968077,-0.276607011241744,-0.26416357522237555,0.8857034528403085,2.7764068222139238,0.9897739285082362,5.562342336492015,0.9145693300936155,0.22135255992298702,-0.1097775973393989,3.8003157404299115,2.415267148382668,1.860344833697224,2.653469676302517,2.0496967924278042,0.24651383048655448,0.8439622041536455,3.4861584251004647,1.3224493789138525,-0.3788008878240038,1.9507885182258666,2.2896181420043797,5.076434304665108,0.28775071173996997,2.024044905066089,-0.16919422737158402,1.2907103570680192,0.7247328114716923,0.5755148524247885,2.8662743078689434,7.930397058636439,0.834787053540912,0.20733322758015457,0.4437678655743956,3.5783349986695914,2.1142067858543743,0.46238849180787633,0.8363095261484007,0.8781593099248949,1.8622436484100096,1.6210790709328735,0.060899796201469326,-0.05481689452397367,-0.0867764531039989,1.4593877823668362,1.1381309398099253,0.5917046660382321,0.3594260296110817,0.5891290152944146,2.206103108507337,1.45475040602862,-0.14550164590834974,1.0173515529621222,-0.17940554818982324,0.8559825298318714,1.3746863261584503,1.6946146358222625,3.709733763827871
4,1.6602079883116534,1.0734677433310065,5.7157458558782315,1.884236478390479,5.394425869681732,1.991461592328941,4.58742954220717,1.398141881166877,3.4363658867297007,1.0807858417460305,2.605652903340089,3.9528554897324146,0.4404008537911282,1.6072046907281796,2.3872216756407854,5.834984434845997,1.9565399474417093,2.0336742616494132,2.7717793067752847,4.44937854128912,1.8565107489117287,2.503970997276937,2.8324525407011434,0.7532885608036854,-0.28445903876864,2.146305988195128,1.5088158574732156,1.6167262315296673,2.8857467072115868,-0.30492374608365064,2.0691768676156244,3.4110015034885635,1.912990349164965,1.1096072274111282,0.06087208920239206,0.7929264552116211,3.645130463547393,2.5108574077246297,5.415092736845501,1.2472610208214339,2.3515970146631338,2.532341084616626,0.34739432604346315,2.517068263091313,-0.3475086186900749,0.15129394386215664,2.719388933810789,0.12956302622734583,0.06726904724563693,3.3032741926191567,0.1923759081392416,2.175483315792646,2.8353517718149854,2.1173980835822386,0.8134388609326155,0.35780128945933976,4.944592319692575,0.5456439094132155,-0.14876730670340663,0.4301278976852151,1.371940121919914,2.7679577019482955,-0.05636236959019855,0.024661573515614408,6.9219136695597285,5.223816583113603,0.6541233291617152,1.9074659094175928,3.5746529392228488,0.5612351678757027,1.80179113136172,0.8462607789048414,-0.008335772887215175,1.252440930173554,2.492640295111509,2.127332330949024,0.4219067314504068,-0.3677926536644696,1.2446816286520368,2.2326408710257093,1.7290998425711264,3.6961746149888355,0.09699060162157944,0.6755441931789024,0.025143346551062276,4.328948425398925,1.6791256579341474,1.360984596081322,0.311443836696591,1.6262401240719264,-0.16038999364058978,0.4912801829956306,1.8897287607437065,2.277475217402025,-0.5807070783852777,4.422822090798549,1.1645618981911998,1.8833568006327828,0.26746701301908354,1.1751416633328107,-0.19856425402419686,0.6489657976226503,0.3140186585234857,0.13514283002752195,4.580388132566539,4.286286782947216,0.3382299676879274,0.027892057592906694,-0.18533490654067417,3.112543238269614,0.7887510580317512,2.487422422624664,0.8103524829723212,1.1074997467542809,3.192337725686754,0.9319102617556307,0.7231508280385675,-0.016294256326803248,0.2502024098444198,2.7608547965764925,0.5895459345300946,0.05472432232760001,0.4764408261613252,0.1513639308078019,1.447536516620202,0.6922370048682207,-0.12525799323502815,2.1438480730304597,-0.0017278451071122607,0.3138279500406668,1.8352842157764313,0.43084822110245785,3.6682369131424335
5,0.8853386981415678,0.9751028396659609,5.047615742586354,4.184985231179341,6.867303630060789,1.7036039413973545,4.437203964762665,1.3126599492312272,2.185041903330766,1.1968313730770612,1.6627525027244683,4.520542419826191,0.4989907587647969,0.4228865369907836,2.3534365650562266,7.1321577743848135,0.9991205385654305,0.4930478095217688,4.49385931847718,3.735163187730323,0.07641069013795113,1.0328682381884335,4.395854389147986,0.5521821982942038,0.04575885761529441,4.382166120411138,0.6510839652361218,0.3994346563002906,1.3215718884598582,-0.17130826608881344,0.35097135257366335,0.9112266352395794,1.1253191879871562,0.3418679320109733,1.580067471357533,0.21957484243613176,1.8936878297508353,1.097036507088804,6.840387631009801,0.6017665015126216,0.8650741746496248,4.294379351896398,0.32864467498919625,4.540795489635525,-0.40712950471526,-0.24473170182412105,0.6904120432971621,-0.39479275841087696,0.3691817985395052,2.191830736703204,-0.3146305448635966,2.128542635648172,3.5990208854295074,2.1120233799607524,0.26538093619141917,-0.3227668464467324,1.6658748975400803,0.5936610357728851,-0.008819505758390219,1.0125169660838056,0.002024300488265737,0.9782869791785316,0.7651221079110004,0.015547513738104812,1.9418156872823384,1.1139565674969172,0.2735442279175916,2.783296013901355,0.09138492195283936,0.9727331311375581,2.2650137175040195,-0.125169621636576,0.265895729171435,1.8790333867049656,0.4136828714878073,1.8137048486872784,1.225166908770851,-0.3863868464296994,0.46058752988397583,1.0127238243440804,1.8862111361646343,1.0117676295900377,-0.09245640944336057,1.3595523868816495,0.1937111045609513,1.8007926488457378,1.1543164203849088,1.352832499220234,0.5206372440170575,0.6230090843233351,0.6564598666810627,0.2840552406091647,2.7356485213957615,2.9209518044785656,-0.5466128639112108,6.015726069754251,0.07680440865790512,1.6468731312524865,0.5128243789044787,1.3114868762808352,0.26672650466489334,1.1083078267690871,0.5630032177736165,0.018923792350764135,5.786428655904225,1.8158721677289666,0.11709989195299834,1.1320623724008931,-0.32937617977803074,2.113639196991603,0.15514487293296728,3.8922414305374975,0.8582429525802623,0.5994832674152356,4.545586468394528,0.22534316654194428,1.1733486324947338,0.6888413999886742,1.4916428328040046,2.175737557667216,1.058416050686378,0.15423417835107464,0.441286937992947,0.14373196161061152,0.9665697521773449,0.25088353353222287,-0.024137373671150424,2.1170772123556953,0.7957000818239223,0.5466892471560841,1.6423260961049893,0.06469021988089764,4.263536759646433
6,0.3187483983982068,0.2792540080958364,1.5299749393847446,5.387787642596242,5.454118667961812,0.6635420744718978,2.2188523114656338,3.0655230067529855,0.4317824247997266,1.1165912547657741,0.6811415427231335,2.016267989913625,1.387172057863709,0.5617534865316732,1.1622521124505438,6.781134463459286,0.7422131018814192,1.0989253890119057,3.795301239388127,2.660770309238286,-0.1652021005652796,0.3609956216793405,5.245563057852246,0.5280938373018074,1.0307925814311518,3.1025887657741396,0.5634566505693941,0.21904194620352377,0.8307413121215634,0.23350341666047347,-0.252451148852522,0.16075483739614568,3.1315260378538285,-0.2574254514790796,4.1873042125785895,-0.030419003770402388,1.5108343719405644,0.40012192541389136,5.983423405668695,0.07911270465482992,-0.027079262138424393,3.535835420836017,0.5428962561804607,5.566823719257702,-0.2832053506330971,-0.515246521863648,0.5457484252797803,-0.3490629449936128,1.0830929801616922,2.748286429309339,-0.39628937929799374,1.1148456569651306,2.361096296370836,0.9204627843764078,-0.19857588421246025,-0.43928971928718036,0.17939079314994827,0.2289469650713725,0.17651624671330296,1.0273802853370584,-0.10766453992242102,0.09691523029925501,1.7040545798383966,0.5793235937988653,0.23683906987662168,0.05584663958264964,0.1359399812803015,1.603341819378208,-0.2243374294254401,0.1734922521180304,4.179397154977581,-0.2965060515055314,0.42829885067198953,1.4069694059222442,0.07735041189503179,0.609536452391903,0.7864025703592921,-0.23967483165785913,-0.08284941013046315,0.10306780042336611,2.1260746675619395,1.1992841764532518,-0.297209430087347,0.6095585415493369,0.777274774900033,2.7649382682643666,1.0224786409197397,0.8919731973232766,1.2252219387408294,-0.18256394907881357,0.8450828040337823,0.4881345182004062,2.162381611466581,2.1437370797616673,-0.48400068328676626,4.447998662583928,-0.08212668035087577,2.639790057012434,2.04202055794715,0.875707441253378,1.2272910679435765,2.1554769115595334,1.4952038483044454,-0.049710543798044834,5.058006124852077,1.2243171380227218,0.08198206562605563,1.7623334644947442,-0.2494240694604354,1.529152688076007,-0.1617678936394228,3.5361996059033682,1.253783339240401,0.35288316077374093,4.510308337646991,-0.12499351689883456,1.3329708345464197,1.2342385035631573,2.361831314864283,2.3786124620881566,1.50311510031679,0.4510213220470701,0.47444038111849596,0.23126293203786547,0.14999180037177035,-0.021208721282454907,-0.21947380103436165,0.7676707763269369,1.7398425650885951,0.6174389713992849,1.6385542168674698,-0.049878798289815396,3.8935761040244197
7,0.16828006134851978,-0.470012437043844,0.13931442095294608,4.386234913730655,1.2863422697375828,0.4293630794510278,0.19939977273494353,1.4971521930292329,0.2690643691967878,0.8543009059462171,-0.10122700567742063,0.20292903977330387,1.9054098761055305,1.0770579412532906,-0.03020116994162359,5.066005276242897,0.9181367981321912,1.5984085898738545,1.8335799357520999,1.0920711557067468,0.30134701854479934,0.4981873298086068,3.323035264176905,0.7230208506780631,1.475416340176636,0.8336296836991712,0.9892435134814893,0.5637344034108718,0.4110389784107226,0.4113868473239744,-0.04851522066353738,-0.15667114319945497,4.239030715323047,-0.47630757048361394,4.912385813489892,-0.039997517078114636,0.802924695685297,0.2505113813847098,2.317391577656172,-0.15377909439469187,-0.28701753289981025,1.1020008355037834,0.46982317298608306,2.8856471197617317,-0.3051937588472091,-0.42603989427494005,1.1313931602443452,-0.25534151617188433,3.102200973169519,3.6931988310231847,-0.33728720317716315,0.07281798586721752,0.5895140150238236,-0.16067844435922107,-0.39033034390087507,-0.41282144544785004,0.24578041407028067,0.20032765218614865,0.2876478407249647,0.44794622639407766,-0.04947589359232049,0.003494726489932438,2.7366016088022667,1.4284278246883795,0.12760562639248357,0.09194608847194113,0.3182138462671029,-0.021666565515567653,-0.2013284623048822,-0.5415240358749698,4.301597756855731,-0.3067205035547666,-0.20059057079405881,0.4451685774447786,0.02905357701627324,0.18131595487776633,-0.318502722777591,-0.08491172311138341,-0.16193368135530287,-0.1945766515379935,1.379172205410653,0.835790178281524,-0.29131470372432416,0.02459100646963489,0.716766124053858,2.8240994337135352,2.3030196566680643,0.12469252417273924,0.8180170300314048,-0.2278495219761722,-0.0390864911600727,0.9203492884643002,1.758062536796174,0.6097891162576863,-0.46859587654949164,1.81539657387152,-0.10887516658881857,1.698167644669349,2.1371823882645424,0.4820265056844788,1.2921155660226304,1.352230578146799,2.295899037129124,0.07605580335959014,1.4970635528696383,1.2133506354719286,0.24663182091337,0.48337374615528844,-0.26686770271276294,1.4706333301701253,-0.2201854394186501,1.6930966535063432,1.1596762874591253,0.3944321563065976,2.230486275111076,-0.22549674026305555,1.106608895206453,1.6223112390728331,2.0732768340815455,1.6943033459066583,1.1719640971488907,0.4175319255706,0.5239345382455872,0.2586459447139371,0.3498203756318355,-0.12587639620972652,-0.1826934729128243,-0.16460156160240325,2.731394194359225,0.9621906788631022,1.8700026496672337,-0.144478164605283,4.011979745584783
8,0.48247321739329974,-0.5070884050633812,0.16682431126328112,2.826002328241086,-0.12699282515384855,0.1813853338994359,-0.12027609329118069,0.15460987845622115,0.3719919295525792,0.6258188683715722,-0.19057288932303543,-0.03914226581880163,1.84396501514883,1.3028797805404848,-0.0650688138757612,1.5512427190460016,1.6254750662213515,0.30652764558782153,0.31058965169986913,0.057107271964257474,1.7226021015209505,0.5726577282714882,1.6818233016329167,0.39656990619970023,0.8309364203530198,0.16653572115617982,0.5412438606084846,2.378908291010931,0.07632045942981469,0.10207835437046997,0.5297514313403394,-0.16405154929798052,2.446895284008394,-0.45192683995024985,3.609257596004293,0.29975609573376244,0.22815165781762192,-0.10105198456283195,0.04260781072407272,-0.004511902842416915,-0.3340270226477198,0.5650313012292766,0.2768314540453306,0.6410435198374357,-0.31791133967429996,-0.2803709066340614,1.856486420373856,-0.21679531329143162,4.8200962399901455,3.693514514742824,0.12060692005537609,-0.07350529442372451,0.049692831734180015,-0.5645090404194509,-0.4352879730775106,-0.4853245663263508,0.1567174045249824,0.07730732217205252,0.005520680722248524,-0.11121470224391558,-0.03696946495046723,0.011750418872308543,3.7367192377643264,2.4074967609346376,0.33850428293040274,0.11088981180757534,1.4507293320853536,-0.292762159693097,-0.2080106276984392,-0.6952401222634103,2.122786768349428,-0.3514708925270452,-0.43882695221692936,-0.24294431010207707,0.00640288821833986,-0.17668784194626191,-0.5628213843588772,0.15375049181160633,-0.19716531533080056,-0.26184493231761885,1.492230635568037,0.23738067526187753,-0.2679385879203737,-0.1521177513559937,0.2686795432931612,1.2489022227821858,2.4550467657406343,-0.18292064819803217,0.48019205234989987,-0.37220217465980554,-0.48749291911392023,1.0132724829552835,1.5969283059080484,0.2618663366297259,-0.5096239370276633,0.613343868818916,-0.19222314116875716,0.42154655459542134,0.8501262017661129,0.25368438468696636,0.7883967350777848,0.5417934532455275,1.5435973586106277,0.1702951504223214,0.8575975565233938,1.0882154625141536,0.5445334236615796,-0.18566069298547386,-0.24353473990579105,0.8273855709312303,-0.17854801915811636,0.5264470215754832,0.7090626466124997,0.7500002782919999,0.6300328154458511,-0.2337951097546929,0.5322994982103404,1.4493989872346253,1.652989556148739,0.6957103833679642,0.5329778247096091,0.3781705589523151,0.4028514208779031,0.3735404750495559,0.23270706484815334,-0.14897555459314804,-0.057252571911609276,-0.18679540841441966,3.183862210951411,0.6729245819081259,1.3495144874452534,1.1194552603450905,2.545316607561884
9,1.2551777156473147,-0.2657174639079474,0.11841814689111282,1.1647401011404284,-0.030157174020420948,0.28510341481166973,-0.2248658348615597,-0.20281323905518786,0.32714905811721845,0.33183707145254676,-0.1737832311363441,0.14771321197505538,0.6634223366201409,1.1594835069105036,-0.012941056814371,0.018092859025533353,1.854689937495419,-0.0075118532582698575,-0.12154780055021384,-0.2611853796963617,2.5063480458913308,0.23217757352105892,0.6954065852440854,0.1857134928123439,-0.08873670422162666,0.3229781503781838,0.3155111806601309,4.127698706292975,0.10277200617091282,-0.34258132903594246,2.381683311224595,-0.04933713381831286,0.033069934183943106,-0.5395145327229912,1.1278943678941489,1.3496360700055547,0.20795311398394156,-0.17884745216190898,-0.013380881106216387,0.6026683355150428,-0.2788689610473278,0.3216191882341765,0.3072573239038487,0.08115269297048545,-0.189796164637755,0.1628736929557708,1.5946445922714703,-0.23729488482330863,6.2746003294156605,2.705976918784838,0.4708298294788348,-0.16974234936198787,0.00765530739467982,-0.6073527065271858,-0.5131525877560674,-0.49378796565068933,0.21662891440961038,-0.16476331903624028,-0.2029844664150505,-0.247140933774581,-0.0010223650118446911,0.11574386459093476,2.968746889618792,1.8512933923066612,0.4929042780737842,0.07485826156823261,2.108567680124518,-0.3592344032990166,-0.25050813683161754,-0.7265863795723145,0.28178291294521474,-0.42516699228685984,-0.37302247069554023,-0.1793202434630904,0.01619119351283022,-0.20698880267719846,-0.5751780002432969,0.07191687437370405,-0.2741635907963864,-0.1621181750016102,0.8171465903265177,-0.02297953434004862,-0.21055833520760128,-0.4217454942122012,-0.1579398139136526,-0.05842297210339437,1.6088596671593922,-0.26923540420222875,0.26219586801952266,-0.4031997496794468,-0.5332389890593254,0.48527521147757346,0.7855717057424557,-0.18110644566281658,-0.54263543930206,0.28524827214702436,-0.16933994403472763,0.13269626167110993,-0.13462154904060522,0.2792901469902068,0.047668193725061675,0.24136522952325856,0.18913284192914664,-0.0588023156496156,1.5673472955670853,0.5572688065341017,0.4012441219472134,-0.23887376984674696,-0.15461351211060315,0.2989622815292814,-0.1455490410619542,0.20147180117373278,0.22504984333828168,0.6119451831550967,0.1984523755411293,-0.23938573205831215,-0.005531674401877031,0.6400063186068066,1.0313653301490828,0.08173040025241385,0.10046462513199565,0.1599493302991917,0.26963077178967915,0.3291298063736344,0.16858031717616107,0.12120791736742957,-0.14323840205219363,-0.132422351893903,2.4993025678092913,0.4923456597551058,0.749037547343319,0.5431268132539316,1.3939554332292385
10,2.2221053557563955,-0.17678572300134326,0.1645184363873939,0.07589537573141004,0.15067777449153782,0.22757875350827364,-0.3238723940461057,-0.26305602782696447,0.09562750267573601,0.13484256396794658,-0.016649744368468843,0.2529089574143132,-0.30134448413518516,1.088493858980996,-0.0028810492215325116,0.048599848503916805,1.2352768733052042,-0.03020522916948755,-0.2391518377037282,-0.34557584279138936,2.1567348538061992,-0.0535330029307811,0.4039382998672723,0.30154853749236826,-0.23404566952833328,2.080845218810847,0.38700599072214104,4.188609003699292,0.30719464236349525,-0.41416105046174795,3.6257766696679568,0.1621790404297472,-0.06363381958542366,-0.47020095427856234,-0.3400019715656422,2.0098471397703084,0.3956542223142954,0.09666367731078894,0.017251075006668174,1.8193517179937746,-0.05616345558794081,0.6621699269914475,0.3756528857097764,0.16468607743722052,0.09782348720401804,0.567389085776149,1.218164151417758,-0.2693105326702962,6.173938065278687,1.1441001475032178,0.4293775868863563,0.05050124332177881,0.07897570326690191,-0.4071030067547709,-0.4381387386664471,-0.4394106249918137,0.36018297358517143,-0.10747443986300924,-0.20061707433029008,-0.3820331221671526,0.03489808770666022,0.13174466895144848,1.655392383072288,0.9188223205111022,0.4404730346378076,0.08051648239727505,1.6905886188437962,-0.28458489185882724,-0.3055994686150782,-0.6934428264840993,-0.28434512514956295,-0.48601357430370823,-0.08038756400703358,-0.3645711100125781,0.06895369699180615,-0.18760451136966322,-0.399308750813971,0.14672016171196925,-0.19792628658377645,-0.18327060481796864,0.4930790274797317,-0.059975822847409155,-0.2985229539446274,-0.5983527317460804,0.2282477517810568,-0.3229549380737804,0.11373214410032813,-0.16958931153769813,0.09434265800814812,-0.3783343479931842,-0.5912465340926031,-0.016039471254778413,0.04065404373443697,-0.15027683810399495,-0.5461191920274234,0.18110556870903627,-0.23238443771185166,0.18487228785918652,0.7473186576786003,0.24974503664031383,-0.47148591290917896,0.19950998740939882,0.06519561607507521,-0.25236784663566475,2.148840957322166,0.5079831558591911,0.09327649727739937,-0.41475504061540097,-0.1523801559678029,1.6578952754689464,-0.026733365676417698,0.4561609093221204,0.03943694513185596,0.20622884285073445,-0.022619387639492797,0.059214120160659627,-0.25188813344522276,-0.00984152814909548,0.012992973522308767,-0.2262317262786276,-0.019757127771911343,0.04226598805045378,0.3527054333435979,0.3815939208804064,0.2153060804080587,0.7726635498125328,-0.10668997796214233,0.18789389174147889,0.6855931016139413,0.510060945038049,0.4872815972817532,0.23065067185829877,0.2959826390726726
11,2.4757876056101,-0.14079239454580406,0.15503681656191765,-0.2298396649787205,0.13504895079698007,0.09900637968206343,-0.2085944443819405,-0.2878179428645887,0.09945961642366215,0.22089596394470654,0.822630995916827,0.49067385481520404,-0.36898120957010644,0.8169596286454726,0.12288415080545541,-0.08126411371229521,0.27999329934145073,-0.06850486745879955,0.032883448008146444,-0.33475378468422395,0.8806844517075455,-0.2100522866907491,0.4401948905909429,0.491554272816414,-0.3350199488650218,5.211365830593066,0.2116734803319736,1.9726654753694064,0.3811318988041627,-0.43055984729659436,3.834111434914395,0.589087570378143,-0.03275310150579268,-0.31848725788322996,-0.40328922867970823,1.9583693196472969,0.3971327757711034,0.7139488719380095,0.019111418431161143,2.890279595869054,0.27719785958452814,0.4578032886273459,0.2533691122688659,0.2922672351107171,0.27293590411522106,1.42866174098779,1.2583985078379278,0.09686246651099516,2.1916298536476355,1.6007445400527665,0.038899323491953616,0.1756094147415212,0.0031458961212775106,-0.2858922427910391,-0.24704593815176082,-0.41689193750384135,0.8726368115354444,-0.04767289055060146,-0.22273860692559216,-0.3592211217182265,0.10612610708096587,0.17739055709035148,0.953654188948307,0.6401733458428273,0.4578354456250974,0.0993696741996448,0.7528421340456637,-0.2738841702788257,-0.36267020923281307,-0.6791590547643118,-0.2200420589550524,-0.45829679870956097,0.09467174504206352,-0.4513264397320031,0.016521401402282865,-0.2662301421728121,-0.41706655599046855,0.6822616672569205,-0.014622329633388722,-0.31964761181578655,0.15267878611903812,-0.10821149014181597,-0.29472064804197384,-0.6551685630234163,0.01212953745363157,-0.362236463707185,-0.25409574631710685,-0.047267984234553535,-0.020342685198192614,-0.4383296544828126,-0.582007008955566,-0.2628181566404301,-0.1844492185618928,-0.17254001446032674,-0.5069648407445356,0.36555753532507357,-0.22819347014685526,0.13619848808647395,0.7671749562508463,0.2083030951895307,-0.5918755735618523,0.23843697445881007,0.2026156492347309,-0.36065293726867226,2.5667309905908815,0.3921860488785414,-0.1562049485322848,-0.40416186828784906,-0.23070059056463116,2.237115972528465,0.38402165610355293,0.14076475663701024,0.20574119814190642,-0.054970462087167535,-0.020238113814033974,0.5453625114422527,-0.32367145621756777,-0.08016583362392982,-0.16172521733601827,-0.1997794220060659,0.010781414994720129,0.05151826147865621,0.11375339682311342,0.2107791676420068,0.7036000003231381,1.1496935125500407,0.0044461059389925926,0.2693460568091486,0.26959053522590903,-0.07571334662908198,0.7204679000607866,-0.03270060314551863,0.9889553450131445
12,1.897638999912031,0.10676822772347062,0.30536609205259013,-0.36425468162240576,0.08334321707550343,0.14925257916705723,-0.04905887515047896,-0.3196511337902826,0.09070049928554512,0.18971592926569777,1.6485011892674548,0.4026440493539962,-0.3274924500913667,0.6355864739618604,0.16736871891492927,-0.0432951110456793,-0.326353480678023,-0.1586500290790843,0.37492756639981123,-0.2325919368920183,0.019701161618333584,-0.15698665082811614,0.3848739086492213,0.5308134909622393,-0.4228201710347254,5.088552725494462,0.1542306380739346,0.999563713503459,0.056891447221751434,-0.43143992583871493,2.0499405469678957,1.0066873918388761,0.02396273936045863,-0.0013461125093946601,-0.27576179105785453,0.8030828899926477,0.5410035451869328,1.4925988250823752,0.03926938622258521,2.3580745570765274,0.35001961982441704,0.3836938014366443,0.20666863321857873,0.3997669113765179,0.1751695015069609,1.3406565345339858,0.6566413443048469,0.10965279746678176,0.10714355428324494,2.313518918530713,-0.14241600390806303,0.21275317655030682,0.11140950234212664,-0.03840393697040294,-0.07794274677247592,-0.2899006457372176,1.135837615350038,0.01152561792840396,-0.15829508960190947,-0.29389986006790214,0.09541392459369648,0.16996750352104106,0.3277414334446286,0.10400750569628736,0.5177135040299816,0.1812101802709157,0.8431738828651659,-0.13394428597438868,-0.36514114911989376,-0.6100104645181887,0.18122212687784803,-0.2856685578931364,0.5381422486236875,-0.33915290695965866,0.23073197654580538,-0.09867047131626443,-0.4207417690540763,1.0425193597655216,0.0805791792257518,-0.379249485389243,0.1952798559094807,-0.09734675731433784,-0.1675577120903188,-0.622466339043765,-0.07056932634072803,-0.42235736506409083,0.006519842047233703,0.057681401877108816,-0.04361283188848451,-0.4717760175224387,-0.5978375111405458,-0.3854926726525477,-0.1708569644380029,-0.1082082637029095,-0.4677852448766815,0.4173824081205161,-0.18391834041112623,0.09050277200029533,0.41756163466310225,0.2775043092090577,-0.6137704252066195,0.264952458391018,0.11719633495303082,-0.36875771092341264,2.0615298614085105,0.21794333549610062,-0.3111008856997394,-0.4922817347092233,-0.33580600191517934,1.2496180890871174,1.1039800057804663,-0.12336080283521399,0.12426295907148761,-0.12348038653645557,0.027835123585397845,0.3266614083383796,-0.3745440221952014,-0.26689258666475935,-0.15522823386358917,-0.3657075124430434,0.011351636747624022,-0.005737803464985096,-0.06777013313074143,0.0015062926461405313,1.6204234562685145,0.656726635291993,-0.1719090636290608,0.27474506499826706,-0.13479831316837257,-0.17456798101456203,0.28427812154179477,-0.12765784852649278,0.036415603662732374
13,0.8349594770841856,-0.024066988766727377,0.3766761329904732,-0.28374628648955463,0.21031051965463454,0.3960172477489151,0.09337556113092471,-0.3655646293452139,0.5899225722607331,0.11697546218987871,0.6646984600494703,0.6089934858114512,-0.400324460233608,-0.1795980224870931,0.23692778042397072,0.05711259863273594,-0.3177787316909741,-0.1858440873989659,0.572397031769518,-0.12620651779364964,-0.3166473143250333,-0.07563557052861175,1.2862885549724195,4.095409890658821,-0.5516233383881725,1.9546071544791452,0.061040390784890874,0.46765993688214524,0.24730245498889775,-0.4534565573674309,0.6394216560246887,1.9853791610220588,-0.04246744265084262,0.18378628062863286,-0.31841332778374115,0.050061912513391205,1.317795435028853,1.7332100643887103,0.12278096707277074,0.9832012920821706,0.3498790598882938,0.7144718605643725,-0.07539381960505728,1.1659909752866293,0.060971406398243735,0.8470453463329168,1.4562068098580545,0.009018537219385225,-0.0027469254426144706,2.681424617489983,-0.20430844440385856,0.1263476825161034,0.08273040135647133,-0.024519285948229587,-0.084193314285996,-0.264278711830321,1.588115530720348,-0.05342690516931626,-0.14150989162389524,-0.30576613559163873,0.09131025269558833,0.05727848076407971,0.11713130106680437,-0.1255193673770272,0.5383338965661684,0.06093903832878802,0.8164549307476314,-0.2530576912634199,-0.3142610428429094,-0.5631270581697144,0.17830338042808297,-0.02931267655225961,0.975519317227533,-0.36437907688511784,0.28658428241894585,0.00441362118623541,-0.19671692415579592,1.0042047795701579,0.1325755439192222,-0.18066224938606854,0.0047319399138905475,-0.14116160228583982,-0.052396236224130574,-0.601055709513898,-0.11823101179584987,-0.45856942695733277,0.11536736646628448,0.2694143958941787,-0.23704734239970257,-0.44590049077793237,-0.6111410379356029,-0.4604949806131311,-0.22065898354793553,-0.22618162265864794,-0.44896119935340195,0.44923177163334804,-0.05649235726927177,0.04352052376153405,-0.06910466792195652,0.2666054462799861,-0.5873191021372414,0.20872458820853476,-0.3125306529406441,-0.28615355414254523,1.3435823112391552,0.10718420416523537,-0.5142721009173282,-0.4933818424538582,-0.36379943849959256,0.3709345792653544,3.7101444600425273,-0.1811442113194632,0.12315489274153682,-0.07415591253616396,0.1193004618043,-0.10329112525755584,-0.3830213560308952,-0.37304220054423487,-0.14771795939087307,-0.3318703933735642,0.009134107708553269,-0.22465600186787887,-0.093843349419309,-0.05628788021245014,1.967231377351738,-0.08947965878548245,-0.33338750239532444,0.8104238221428457,-0.27111737367543726,-0.2444263701491872,0.21423338892439114,-0.24451729271644543,-0.18691226027276403
14,-0.00036334846647811557,-0.13076023038924917,0.15947075009191974,0.22083520109628443,0.5858676999806335,0.32441813660349406,0.06339232474151388,-0.28409141367005464,0.5003399711679062,-0.055836958812122556,-0.2885446524040145,0.560889627184436,-0.08112894516932437,-0.37663613230756243,0.10136942986241262,0.13868421615024235,-0.24191471318040492,-0.09169020107918938,0.31064591080681225,0.05401718305335899,-0.30615404463940116,-0.013482241674212548,1.6327277376618003,6.149673456550296,-0.5639175155407465,0.3125864105528298,-0.07649755536925908,0.5930204610529399,0.5242801344759626,-0.09171982992971087,0.029448152144777192,2.10337266939696,0.058793397876942086,0.5181213400320268,-0.3552377927227321,0.00445962736907687,2.575777117672807,2.0210598442176115,0.07834509285577122,-0.04370068949308731,0.06207868623313043,0.5297712318251538,-0.13553777648041992,4.5342610393361955,0.17025589073285788,0.12536364047450385,5.3960225998681794,0.08429513011732714,0.03985364090462069,3.5976334769957323,-0.06864333561333204,0.026064375591954906,-0.04397965293256388,0.035176315472707866,-0.2365790531375667,-0.32469126224548067,2.3082214720736123,-0.022596442561616966,-0.06383226444933891,-0.3525712995862565,0.12305597426233825,0.2000917473711002,-0.03558728521403926,-0.03645623911003887,0.37041631338140046,0.021852048841762103,0.6690635943925041,-0.19358084475009815,-0.24504815675855204,-0.5523551078081859,0.10626533399403024,0.11484427962105348,0.8158859388986959,-0.4196555216652645,0.2745002460834989,-0.05639105366668827,-0.019150321652701068,0.5141711231227895,-0.10832859673229615,-0.147004310132826,0.40293171579324716,0.07449710024027328,-0.059231169137627306,-0.5610846326450172,-0.14965324316357878,-0.17628446064955927,0.004123674619891938,0.3120179629682139,-0.2927189591650843,-0.4895773459899395,-0.5665962220415355,-0.2728428261746662,-0.18928029402764113,-0.1405093566586306,-0.3558647799050857,0.41746099560338806,0.04422799206373084,0.12988495067102174,-0.1886104983723175,0.49950845690484574,-0.49460680304972504,0.6100746302070561,-0.32520074872010735,-0.06464838189237918,0.5733039309092006,0.02604226301795092,-0.6003934176011524,-0.14824054865298572,-0.19837301534692975,0.03835111242601407,4.358575992485394,-0.13232186618303873,0.20476672846166627,-0.14285507554514593,0.05295722323119193,-0.38999574977991125,-0.40851329828226957,-0.32457967852597647,-0.1661310463421684,-0.1835146374533475,-0.04391763463569179,-0.25415524652691257,-0.04769825197066323,0.10972852365813202,1.6060922833823827,-0.3815316807451426,-0.381110910980063,1.0237500315253507,-0.238123856647737,-0.27581807850433937,2.0239249364859173,-0.3097228584516722,-0.17690855519681029
15,-0.36904730032089417,-0.34213673116506677,0.06548627287447965,1.4851502192739496,0.7363307845789603,0.5618503834977419,0.008769956009585533,-0.11806997326277535,0.4125980541113506,-0.1813565855968502,-0.6091205838898865,0.17823328111635753,-0.08467415517400513,-0.41735938528814226,0.11309603530972051,0.26154326542921114,-0.15699433584957037,0.14783475286674977,-0.1185773197036269,-0.0019957386459474044,-0.2620402624273093,-0.06857638043679355,1.087836233454696,3.8367652772381637,-0.48104515796394687,-0.10317307640445812,-0.049239185519908905,0.522339436119297,0.3051882039254852,0.05012438443395305,-0.027169692012674142,1.4228483277605066,0.08442613855637357,0.3883492122051308,-0.39078621656553264,-0.06784477029226771,2.600478149151795,2.3188601485273224,-0.002269788872258209,-0.3351433779422334,-0.050552771471018366,0.028710262670927657,0.11404579662717285,3.966441214849937,0.22069266014938815,-0.2785621249992242,7.279562951436784,0.15386943349824309,0.0533695102718589,7.322780289655597,0.7274427499358335,0.18494212266102017,-0.05838209619071089,0.2625794658328408,-0.42412423425268775,-0.3959853260776477,2.9967300963343586,0.07798574310963034,0.19209834379578314,-0.26098702359930237,0.14249956254146975,0.2724999037752315,0.09136150999393788,0.19291426529062242,0.1465666742888596,0.007502800819310516,0.5350284476321687,-0.14186601418883749,-0.3473264696114248,-0.5336963397834967,-0.031701333075500514,0.14509894928898948,0.41297293845515265,-0.41557336291031427,0.20818349495175037,-0.10907492164648562,0.5086320278789527,0.032825938707214834,-0.34759731670855903,-0.3112228141616563,0.14247086204784576,-0.15219492579512353,-0.05568695915079066,-0.5216414612932313,-0.14431424455950465,0.08738923928879765,-0.12162654435419237,0.2554583605069895,-0.2331387734570781,-0.41296429190913636,-0.4869545257318748,0.38330181969869986,-0.20458128866996292,0.012222873564406956,-0.3063713686015143,0.4663995644824587,-0.163837692139579,0.16514546151958506,-0.16566148483560506,0.910478753345163,-0.3278381190007603,0.6483658187562348,0.20866099238486738,-0.12576634715763496,0.11882492163965039,-0.027696143913082245,-0.5895989201421445,0.722719285053574,-0.05577985431175409,-0.0899635114591879,2.240654482957947,-0.1354118880271162,0.46653757562945625,-0.030775755646266174,-0.07541446715436412,-0.4231218708512362,-0.427206247538148,-0.20708935761824301,-0.09423705644924961,-0.0474100561962235,0.06872228088701157,-0.24446736700510352,0.06731609953675088,0.3929154316860945,3.7845921311035724,-0.49118362882707367,-0.36308865481886987,0.7677455030838796,-0.25247857451763484,-0.204399852929707,7.2918842251281974,-0.21290464193006578,-0.06764410098978448
16,-0.4674191167190016,-0.38030421284338883,-0.049469046497794836,3.7301345300651594,0.42777786952559566,0.4529078006363135,-0.13996489767447093,0.4510224923840618,0.23718562584447336,-0.20047308978186262,-0.6421286924732784,-0.03400868615323454,-0.19858649046264984,-0.20410266676467678,0.4966854339347522,0.19034841724585821,-0.2095840356810069,0.6471231189923932,-0.24311247883251053,-0.23013605836894582,-0.2666752677073923,-0.05507466513474128,0.30509266587923006,1.0031451777025406,-0.3710628387236266,-0.15574305434448463,-0.13570941020119448,0.14529124083014608,0.0669459331722232,-0.13818797695367632,0.008815716220024757,0.13857446575256635,-0.08499559993384187,0.020251359996132208,-0.3530362110889612,-0.06177659482246565,1.2865286237925153,1.080757952862224,0.04903831288088168,-0.3317410042058258,-0.11370322721708909,0.0387845682149629,0.35355775178275534,2.3833510972099092,0.19191190762989818,-0.41528917009729294,4.261816347192684,0.2846238878146218,-0.04586577960921105,9.43118450056073,1.3982766577018229,0.2958399125344435,0.006642733873037094,0.4945315189976174,-0.5145674121594657,-0.11393246811867705,2.862033862452515,0.011274350914486114,-0.01605751598474788,-0.07469112164676808,0.03567973949677605,0.13307217800246837,-0.152655247608965,0.0019881159808783047,0.2256283756027772,0.22004820804146366,0.5313278891962103,-0.007292461900639765,-0.32207240119561614,-0.5044666347410178,-0.18651575397928455,-0.021487503158077723,0.5487442099865393,-0.4646785612761705,0.26775457062753677,-0.20126902280335365,1.7228491488189364,-0.18227724228952014,-0.37055328283999805,-0.11811248992911408,0.07028949672665938,-0.21072086877900376,-0.11507667292242009,-0.5329888919034773,-0.02224026606009655,0.2033777630458552,-0.31505230283022995,0.23576484390506713,-0.1570859522633446,-0.5370736302942287,-0.47059720851715164,0.6681575807102365,-0.18051911536949955,0.1265055880652197,-0.26457194580492477,0.5202748561491852,-0.2575473840734662,0.06751196594025242,-0.18351731326768744,1.0312416562419842,-0.24651699847477135,0.5788578193365134,0.516947855454256,-0.1486950744993831,-0.035493730804744404,0.0037021487729475976,-0.5649797118542558,0.9227699641743945,-0.04945711089378111,-0.02078228007792613,0.8992186048432051,0.0738776684121328,0.5760161007538787,-0.11814274598508126,-0.01990568527429771,-0.3516359979496562,-0.38602695620900485,-0.3252055782568395,-0.14497114604205522,0.024931566814381963,-0.04775079197465682,-0.1854340291995476,0.05724644359082139,1.8772653558527221,5.232743417879714,-0.5471814636159398,-0.21073468068994392,0.22029728172080804,-0.2990958761149272,-0.08228694305482769,6.81602736950389,-0.26136146739960325,0.281709275040139
17,-0.45085042664759406,-0.33444732803224514,-0.1217255286160792,3.3396087327789408,0.617305506720695,0.12483940515116575,-0.16492748894614265,0.5814800628613191,0.07399946524955155,-0.13268491722061676,-0.5970738757796344,-0.12260130931864051,-0.27825569132820394,-0.013251713745466147,0.45709492357314574,0.20151472337717546,-0.0703569147655295,0.6329050541104776,-0.2659986835368971,-0.09765355650342232,-0.0835495539404713,-0.0176041595669065,0.09679992206811741,-0.04603060072894117,-0.37251946935723945,0.14818836736418337,-0.07169118158357775,-0.09449652015800379,0.1063390078384859,-0.4049544510461201,0.08773703889534237,-0.33412879885359,-0.049927665843413266,0.12552515483778387,-0.05419614887511227,0.11054032447080063,0.13516150481657588,0.4613113531705642,0.0881055247952345,-0.29070755709565727,-0.040658913745004806,0.24731364419905522,0.18957194085045578,0.349862039425845,0.0708419833356333,-0.4535794813229995,0.8193199654818613,0.10412571796284935,-0.012284767520989007,4.953479268655526,0.9398816144165677,0.28347251562553044,0.10686864468606465,0.5604556181049123,-0.5647971979437887,-0.043273159235835704,1.141037731691624,-0.05229620360668687,-0.027545189051781892,-0.006885634408583791,-0.06920371888603977,0.021420026220267566,-0.32117230833265475,-0.17834964035205295,0.1177709740150677,0.10054658413208553,0.17621231083113412,-0.1791747986826932,-0.3486682165393558,-0.41602076349597666,-0.16463422003601585,-0.18846835806255793,1.0761494722677536,-0.40843904126588193,0.3046199228571475,-0.17733878704384473,1.5985273386906338,-0.39866476443601856,-0.3966065354747777,0.03794141735241774,0.14623645181633022,-0.09810229333280035,-0.16923533554312584,-0.4446814661255971,0.10061231640240532,0.4312537364167774,-0.37676980440473856,0.12941985425468583,-0.08679968640814958,-0.5819170609102009,-0.5439750162314025,0.3941257274349837,0.019527797324734215,0.4958643306372015,-0.35000803619288073,0.18281306038233566,-0.28091909889912114,0.07508821083879501,-0.05543973539181858,0.7750527216080245,-0.006368995499340748,0.41092642109919714,0.5030266454011426,-0.02103065388630533,-0.13873766930940776,0.18387338905639752,-0.4716368967758323,0.022918911346560964,-0.08753124404055927,0.03892793280600839,0.2870827225995585,0.09077771095935668,1.2032759470234273,-0.20897725463829284,-0.12046871067251655,-0.2739196122398256,-0.37103320717233823,-0.2520647239931212,-0.04790382874984698,0.2719902900202668,-0.03457233368532228,0.027333411161622384,0.04558092699274674,3.283856083237096,3.938696671112508,-0.5508794727306872,0.03174452335962358,-0.29708276081739854,-0.2993598242511488,-0.09749534834490167,3.3085537492791355,-0.27663097419453364,-0.00968612713703474
18,-0.33823917508423956,-0.2532049902584626,0.19156944612541335,1.8918850742020314,0.38308333721176385,0.02630447129143063,-0.11910882845988569,0.3230133096849506,-0.026286078795557676,-0.05682094412743638,-0.5162672276911268,-0.13062572537395387,-0.3688341732104653,0.11634388455228353,0.25565812489111744,-0.0043466078412283575,0.03880100091087069,0.36750604718312824,-0.1612104709449841,0.03600290927148105,0.14885056647409892,0.001788328156593835,-0.09632502465813465,-0.23507428169691594,-0.40790781432707546,-0.07364291608759982,0.026661467178975665,-0.10574330679039436,0.053748027002202575,-0.4764266073167775,0.28307719271717546,-0.38230699357102027,-0.051867742595082825,0.40967445681278614,0.09582904335253781,0.6039568356872932,0.012458274720244533,0.08197216876089519,0.09123158132588949,-0.2137237272526037,-0.09186567936326366,0.21846312547788876,0.13977656043036707,0.15235429470769296,0.48422839329985795,-0.42403604795399313,0.16198044425116695,0.2432106119926476,0.1733968920231467,0.8981036089752037,0.06286369344756677,0.2497514395719285,-0.09979698215354887,0.5684896802891138,-0.4803511861648475,0.33134309109539556,0.12910831225376546,-0.08016171545015743,0.29927134776407577,-0.18224842171810043,-0.10388063466572399,-0.02091101683265764,-0.2859922002949771,-0.25876781485949163,0.0280854198243118,-0.02526961422250384,0.339023736157414,-0.1930697655104565,-0.1921089339090004,-0.23389084975434987,-0.1817720356292526,-0.24167267796982206,1.1668624080070198,-0.19100807790260235,0.2909949163709211,-0.21464007538157662,0.5218902731364535,-0.3640929843823158,-0.31844010238400944,-0.09615724511972558,0.44966132376359363,0.17813041675616542,-0.3004586733132511,-0.35117112539558004,0.17630374452891698,0.5047602055441449,-0.17876218523993248,0.17905903535883388,-0.0779176051008523,-0.5477496658424681,-0.6027872567496728,-0.10787065846970255,0.11369493389504298,0.9629774274140116,-0.4067354235662688,0.031782206936559865,-0.2512566474830626,0.10110474992435664,0.09368136369140798,0.5272589753668189,0.13627234889761755,0.1617113188251877,0.5618751639203258,0.7400018980734555,-0.09890188997744127,0.40768164064984785,-0.38937833693319945,-0.40160319072448464,-0.223954631256584,0.15471997231262205,0.062044530233902405,-0.0076276000751113035,1.314962746181297,-0.23401796875782685,-0.1336437356555389,-0.11475526882473666,-0.2798205202856605,-0.26201951018875363,0.054165371078091815,0.3626944625259022,0.03789862724392824,0.299622068153187,0.044119927804163184,2.433277330976523,1.5057175240192557,-0.4884750535891818,0.08378867021520524,-0.37675082456305864,-0.28707608406545104,-0.10437534121422118,0.9452843716392091,-0.2088248205832953,-0.06946135252915533
19,-0.22987336349763057,-0.3500657348571338,0.12508338720400053,0.6812764078955665,0.11206362027213042,0.13524705415285862,-0.17370307032840954,0.04068100038634736,-0.1025316546083348,0.10594123212440128,-0.4400527051502405,-0.10564855786490862,-0.3546860079383295,0.14081099299487462,0.10000493433805872,-0.07663968390033556,0.2647493011422526,0.19647524478549191,-0.061148023336277835,-0.017230281791820196,0.41700234617277604,-0.1790729904027472,-0.1281675048403006,-0.2006068342861372,-0.44488960054252114,-0.1318582336559324,0.19689276835447897,-0.11412941250235117,0.09228279189220555,-0.3710323125726065,0.45162482043809676,-0.2911628935890309,0.05767680694072929,0.31108004567330794,0.29627702687901125,0.6181052095339923,0.04187062907855213,0.029488820144899588,0.03951573306875112,-0.31457882985671776,0.05795169033084285,-0.04420780215753014,0.09524339157228456,0.03798149236485339,0.24134427719701587,-0.45858466383704655,0.008143698740903347,0.14009155519593258,-0.04556961514100457,0.09992100014916043,-0.40278360830002374,0.1582881305553685,-0.1219729712051761,0.2815448913722006,-0.40479533966696024,0.46340234698123667,-0.01861024687331998,-0.104333602189038,0.24169714845682838,-0.2727313997287108,-0.13839766712470258,-0.0007234531573899495,-0.1830397133472677,-0.17508823660814007,-0.03630524656444827,-0.047517738522298875,0.30036834688232883,-0.31687871131369727,0.003042178678179856,0.21242971923165602,-0.22641133174605085,-0.4130262557717085,0.37021887510727963,0.2651200628937592,0.11264334560343939,-0.24473828272146295,-0.07489964006382964,-0.4778338532199341,-0.3540889355113576,-0.35340074652274817,0.06969970555810107,0.11467163530463682,-0.3424176950559883,-0.033290787871066145,0.20450033090668407,0.7106087600634861,-0.1739374697443388,0.23679271698755208,-0.18707430586081414,-0.48850260013672403,-0.5815786099203902,-0.20614062831235097,-0.05615387363708558,0.6551267744324241,-0.4503692862037504,0.13938275962089386,-0.2854357449252011,0.05750560475349796,0.1824856167977758,0.22549616088647562,-0.09121268931544065,0.0494257217208471,0.529151347139858,1.243712631678846,0.031264071623600065,0.20084475147258993,-0.16513438537172137,-0.4485658426845924,-0.20696480781409513,0.1656423453144508,-0.0545131505604987,-0.21727369749636932,0.8556653231034972,-0.16064350015640005,0.05988394851835252,0.0980453702574853,-0.16037574283708095,-0.26754829114471107,0.18043434420700524,0.17818210759999212,0.09906019007391778,0.02634022926819893,-0.020276421046480017,0.699504019266021,0.3002833112926249,-0.3930606467310858,0.013209637234092735,-0.28990899215088833,-0.23436767163227548,-0.10933339275567418,0.03654202839819826,-0.15927049931287196,-0.10896451948693515
20,-0.15197910172609655,-0.30033974471891545,0.3015975353524461,-0.015325314593776755,0.030646606923824107,0.18225378673004072,-0.30865576094416264,0.006150433094899154,-0.06234603114405631,0.00352907628054847,-0.29689455504196777,0.0033504708481749373,-0.2066040564064149,0.14160550150221538,0.04483601382017481,-0.0324849869281201,0.2504999319464364,0.004601996471543111,0.3492396581696665,-0.018917011546677277,0.43106982611562666,-0.23726668159644812,-0.0475338821036737,-0.11537251854729787,-0.35340085697094326,-0.11069719944409583,0.14615325990633143,-0.10264750141074672,0.027798089870607015,-0.2575510738913945,0.30222759857862597,-0.12380680171961503,-0.06805133247681504,0.047413170734150675,0.5331880216434094,0.23624894716620495,-0.0274877288416494,0.021573744722443278,0.011058424977191473,-0.31333539206550054,0.3121855703512241,0.02477404448680618,-0.012603370365176522,0.0002490263071390856,-0.16662270911930038,-0.4780334996998664,0.11458595220460825,-0.08164468046472066,-0.024171732313091596,0.04211141899042764,-0.43167738620803076,0.018553866768839026,0.050711694532354704,0.15484745079486786,-0.20614977007343727,0.535552826221223,-0.02993592399016406,-0.18546772098305708,0.04308847642795458,-0.3080107658182329,-0.1373761903535287,0.027303483493720995,-0.20909905263443623,-0.14991288031095026,-0.020237933832620725,0.021240960992225753,0.17833536655904608,-0.32502403669548946,0.07637329790767164,0.18451251308064776,-0.14255931158675858,-0.5817962116786569,-0.2779510363263358,0.14419447485777193,0.07567578616995026,-0.19555991416061702,-0.3113784195725132,-0.4474218049497933,-0.3453344285089202,-0.47021826096310504,0.127363134422481,0.21664402139977737,0.027148003259382655,-0.009263472821368118,0.22174084723234128,0.8533345960695644,0.09597136256117919,0.24109028978932132,-0.21592974092418962,-0.4773368069844876,-0.5820591115409254,-0.12983475002222483,-0.09497335141491477,0.7201107511495485,-0.30679211168428777,0.10253237447078478,-0.24570297267300598,0.092742290932569,0.22774254364824043,0.04529287301905501,-0.3523314402932977,0.017420878906354954,0.7929211031443735,0.8096991553573126,0.06177080066023244,-0.01764563693497699,0.08662227115002237,-0.4206882059797241,-0.29474896159137326,0.13347065379799028,-0.1388331200066063,-0.034843561701793965,0.1805150072260071,-0.25246872832801037,0.05630864565220784,0.06692648466384535,-0.15298590536212775,-0.21556880873398376,0.1264070588632662,-0.04299281131769777,-0.08574445617740228,-0.1269408429500638,0.16511313752947276,0.07630218448097101,-0.028962056321347886,-0.25243941830357863,-0.0432912517604218,-0.05387518950238533,-0.12001721753996274,-0.13278664780007335,-0.15230910706214246,-0.30194495342800437,-0.15926533636796683
21,-0.15967061505333593,-0.2967501733776271,0.28734355757488517,-0.30041127714079724,0.10448191425315721,-0.0432682499159116,-0.3144077045104239,-0.17752429817379334,-0.012663430130569453,-0.027074809101993374,-0.05116930727256606,0.0007325157695553563,-0.24267289229504965,-0.14183071651217,0.025420904071433378,-0.07287009092139549,0.013087223728706868,-0.15190874720290373,0.3389667452418864,-0.08066481441249862,0.11649153992077488,-0.2857722429399985,0.030999232858030225,0.03320937632976262,0.01944293401355922,0.03028347156025285,-0.031104025171157543,-0.06254571864484706,0.05721470674787497,0.06931987530264946,0.030762648374835954,-0.2962038871443898,-0.16555763598158457,-0.09087642356134622,0.5559212688120225,-0.10037960878997149,-0.10451451655478633,-0.10889148638163654,-0.03228163051031208,-0.2937273345886133,0.3077423145926592,0.016750795161317226,-0.21617226643056292,-0.13717365102449422,-0.2569247588898421,-0.31354520313770406,-0.03492753229280624,-0.18431774813719876,-0.06805792169276834,-0.07451003913688913,-0.4817693914796602,-0.09636246103577126,0.2279057715432878,0.020745796113977248,-0.017020830297796052,0.21022580147887807,-0.03696489480781614,-0.1819499827882096,-0.14395490312127074,-0.25132334402825346,-0.03245720234388964,0.03511143613699583,0.19020603165123995,-0.13776080060760396,0.023066914084395988,-0.014903753663698041,0.06848859465542126,-0.2840738126191853,0.12855529724344084,-0.1554956456962451,-0.08689766862861184,-0.6438088531348136,-0.47599151996965594,-0.15275566083109007,0.00979145013153264,-0.14234782024097767,-0.42095930502980367,-0.40547944023812077,-0.37331681002185796,-0.49581949164993055,0.04470163372153739,0.22795208527941133,0.6382638256451473,-0.12937720600421446,0.46232947182844014,0.31635178591209157,0.13552431543277568,0.007763100065216911,-0.2795317874282295,-0.45258024032133537,-0.5371148424924371,-0.2595976968262977,-0.15370742323483216,0.26989189752416654,0.08838101147198098,0.030531951527240694,-0.008943301951070733,0.13665115680682707,0.4695857305337046,0.017621141518014614,-0.5017342954990663,0.045995991782975705,0.4642856868168708,0.30961374205181813,0.04820327633308122,-0.041512410467793893,0.21828453193406192,-0.4981736975362942,-0.24505933690738285,0.0534600849600603,-0.1904444249468404,-0.12179202251437454,-0.06041476258696558,-0.21151527767419107,0.3749787143970738,-0.005684248387981038,-0.2738264458563819,-0.20021936295329315,0.18433352771301215,-0.21835800149515494,-0.08079197465681091,0.06446447458064232,0.031892488441248694,-0.021908355417627992,-0.08175473659805112,-0.0334364749439271,-0.22871857678577853,0.26127556705932475,0.006616976738047703,-0.20804875603043874,-0.12183793388300944,-0.3036627729424341,-0.18011962102365947
22,-0.11967551069583164,-0.3312437798141855,-0.031131031626622733,-0.2979398645665912,0.04842232955048711,-0.12772873393362286,-0.26005254098084024,-0.27990425558844495,0.02997379405443201,0.033647442593034066,0.056118277237305086,0.13674679428415987,-0.17288780227203848,-0.3563886773153746,-0.0890204936150671,0.026920236599838977,-0.12605613895490672,-0.26518079202268635,0.19863402888342563,-0.13508546322321927,-0.09710097143976658,-0.23629300020447327,0.03044366377263364,0.08817598194297972,0.5787595891496843,0.23086382685707427,-0.1725638388240406,-0.07502037745313188,0.0346980087213193,0.2430571581677154,-0.09476744585650218,-0.12472201122918014,-0.18315092192028515,-0.17497088794860177,0.3187200157725248,-0.3592777265853511,-0.09245219343822983,-0.17183925998327307,0.007354727565872233,-0.10453349220186878,0.28893851869349496,0.04171033958553588,-0.2651587521744543,-0.0834835792053073,-0.16682503426882214,0.4502882080737274,-0.0863904762551896,-0.3258396541672905,0.015049866692334272,-0.06448708103837865,-0.3248661590381272,-0.11240197019214862,0.20483670522412492,-0.18918956747632518,0.13776518279038555,-0.09060774259981544,-0.04654985501370554,-0.12729940726111386,-0.20112160051228814,-0.2666154128753503,-0.05003548521478984,0.014051958232951769,0.6562881728602842,-0.09998659697091543,-0.03770152437111845,-0.0810823044801791,0.07281358124664784,-0.3201368414664142,-0.08433078711391573,-0.4855477318009023,-0.1360389649629567,-0.620836338984911,-0.4806000648581526,-0.3328972823529993,-0.05078597339782307,-0.09582658822600412,-0.45659799494801334,-0.324057962124396,-0.17209665269438904,-0.44057122349322253,-0.015094117059936931,0.1155520533096223,0.43352924042371965,-0.18519813842241004,0.31767597839930184,0.034159833657050366,-0.2075809556498552,-0.061294907420534936,-0.15168193085571594,-0.42347707492271025,-0.4084417187716642,-0.32564169852222163,-0.27218527718101304,-0.13680280425346758,0.7055634296844345,-0.02727985859968543,0.3991575212440917,0.06179404526210706,0.30668097665682864,-0.05372482866024512,-0.4863447675147376,-0.06998798251285454,0.004229432822213925,-0.19641264116921323,-0.07008467398642075,-0.01965573833059807,0.21249141694613696,-0.4360567523748113,-0.21329774920532302,0.08511077742362252,-0.08170585685088455,0.07204742470448693,0.04937024896914462,-0.15152665425113293,0.0538188237321414,-0.1622216728893211,-0.2712661197787332,-0.10868897850183458,0.1385317810774858,-0.21485035659161522,-0.09079197465681108,0.09365008285227862,0.11008966039635787,-0.10445941731179607,0.004902812189736957,0.31292516025221484,-0.28675212475530204,0.5095552170018316,0.16035661423573783,-0.1295555580314865,0.024618525849841772,-0.3429101771262789,-0.027082340902274335
23,-0.055033906149003574,-0.33421660156778643,0.02372240478658332,-0.3679873668206898,-0.008357892555965767,-0.13489691602750384,0.04066581911051596,-0.33792689612071625,-0.016455873963920835,-0.006802769530247261,0.3269028600181502,0.1619883155633593,-0.21224045019265833,-0.5206955390224105,-0.022547910912036704,0.013622774752869021,-0.27633934647639596,-0.22930197533197397,-0.14207112276299716,-0.15698596236028822,-0.3739971425431367,-0.1433064272708685,0.12555252487122973,0.08368022793287815,1.0220125592141815,0.17219903957311156,-0.1837842739232527,-0.05372855142433176,0.13969047343029634,0.18602317931306936,0.08467847250383186,0.28611406936407136,-0.1535333473372446,0.01791455572080385,-0.032224145107231345,-0.15843931235906475,-0.06352433682283076,-0.217858546366925,-0.02270808238518128,0.2853867364813716,0.07178122626830925,0.060516715354116395,-0.18364502888061726,-0.06609158191471343,-0.2592081427201606,0.9363539395530004,-0.06785736126494028,-0.20787553080669874,-0.006947076082632566,-0.027165373284160414,-0.1580420498003191,-0.12361923383110102,-0.023910571519136933,-0.25395194679043437,0.30689652987919064,-0.2095588050083174,0.018275324125895605,-0.21232816477085706,-0.27724683943454265,-0.1696759703927388,-0.11664465310204725,-0.03761877867596282,0.4269478903698076,-0.12047089308850463,-0.04340805105924873,-0.0663935632079848,-0.11391672889038441,-0.2607558223105254,-0.08858186648953846,-0.6048077662096569,-0.04475411222972876,-0.5172799720145735,-0.3389546296834145,-0.30185483633976706,-0.10230626624504881,-0.10811451084677288,-0.3497878308657789,-0.26210287860148673,-0.1095735190014188,-0.2246615880949833,-0.1368179405399765,0.007647772854652516,0.20426632548844653,-0.23213350730527316,-0.02090551640907839,-0.2453685343606594,-0.47661551065080227,-0.19654439702838347,0.5511240817695282,-0.4942538508892162,-0.00715918468716587,-0.31458058372597164,-0.25707069059524745,-0.36214687333215084,0.7831933334100025,0.03645459000910184,0.5990983848919477,-0.03331403535104472,-0.06429641624975348,-0.09447519567617159,-0.4513111749749074,-0.07759965469872998,-0.29457152284450056,-0.3636329125937174,-0.04440407569312263,-0.05426001552103614,0.17719198187177423,0.022457442929335814,-0.2104168217608432,0.04555206362142739,-0.04150065030244219,0.11364387260553017,-0.07412806574841227,0.23683539696127426,-0.015536624466333419,-0.09322126942151875,-0.27320991248651333,-0.08480047210722574,0.02340900895173051,-0.20624326682831023,0.11053854276663144,0.15825917865599845,0.07498072604916611,-0.10628149322038628,0.030802327563433995,0.5082868179167509,-0.13768316713253798,0.3110716097170936,0.3480846501976566,0.3899813933796086,0.10067956171386717,1.2558310429073138,-0.009050971259196502
24,0.039608807566827026,-0.23334032907805705,-0.15576873107476125,-0.39078401728966156,-0.0648979021944912,-0.10849870697023019,0.29882823487056015,-0.36202069178159213,-0.005086476446781413,0.034288327765508206,0.1814630877824427,-0.025958687475003725,0.007427786767871227,-0.497814319608251,-0.06906663471095323,-0.03229502318744904,-0.3850680012144945,-0.27710467788460114,-0.2547356103269219,-0.008729163827338762,-0.5143374570545258,0.01535495555144425,0.08195176747074503,0.03239533033616394,0.9090365018760489,-0.0773285677557615,-0.23339450704907017,0.10080046815892327,-0.01626552760413407,0.2774975651160336,0.06958324455472079,0.5290018636993647,-0.06858869186486743,0.08660963238126868,-0.3144154307870929,-0.15058386122179027,-0.11207435202603604,-0.18086274825928814,-0.13833819514407894,0.37352051399072483,-0.15781952494646068,-0.0918496153515527,-0.11169736436616758,0.012879640605233523,0.08489635532920828,0.7794598658841617,-0.025567544795439236,-0.16506057487998138,-0.027557430665541966,-0.07952151818614463,0.12144030916962965,-0.20589533371532542,-0.10363344083803341,-0.20063880592001246,0.359413967062043,-0.13544360806803793,-0.043531143408632275,-0.2329571866134985,-0.2786439888616144,-0.08379154194747315,-0.11340257465440767,-0.019080782460542234,0.27812010821864486,0.06292722155207041,0.0025072292789338493,0.0015956182737902791,-0.22066107880151836,-0.1364357972676429,-0.20484888741281976,-0.5663077987265214,-0.18942845747573744,0.05937643256689692,-0.191646608468721,-0.27510403976598724,-0.06413580664283904,-0.20440102913352828,-0.2229300092309675,-0.1932133113334002,-0.26153080047834376,-0.0790760075407491,-0.10900701851490627,-0.09303208467997738,0.1225282707204928,-0.2751273508609809,-0.13141166459965858,-0.43305820903978215,-0.5487110076369741,-0.18709859783933996,0.8531035170322974,-0.4241708981950392,0.3296000866060752,-0.2557553698549576,-0.23642599833164782,-0.36680790275151853,0.5271515328652244,-0.06560197297447921,0.3162637824125056,-0.09733092227678083,-0.06594071959938373,-0.07213471519826728,-0.25511756702725025,-0.0852202817930589,-0.3622444990069281,-0.3860301793679413,-0.051000522279902406,0.12792132615803473,-0.10958047359072111,0.3844629352275517,0.16349696661285523,-0.020093817043739762,0.19467268110406882,0.05500476576445944,0.010800110335115316,0.22598757481880388,-0.030828337294207916,-0.08978606776507797,-0.07401825623811892,-0.11137140591981944,0.09446852390323639,-0.04329411630941192,0.06332629355860628,-0.03307644189973055,-0.0016655390749851459,-0.17108514670953182,-0.09412284577993785,0.3019857319512313,0.1720935406706494,0.010445866536143501,0.26609829834666904,0.178038617093579,0.2000576692280115,0.3779536952206437,0.02424178267083052
25,0.1492291275429611,-0.075061974459468,-0.22861602192990257,-0.3255472474429404,-0.07578252964747315,-0.05694293575654648,0.35692427123296905,-0.19861778135399152,-0.03713976742322467,0.045225454016974316,-0.07135091284139296,-0.06976466545177626,-0.046469207727250696,-0.4047754966069169,-0.13772442426848425,0.04963277634381525,-0.3314103839267954,-0.20481124897833525,-0.13015544391248318,0.07153218482779838,-0.5250218609785118,0.18055623172318883,-0.035478794004115695,-0.025679450888975257,-0.13248390932836443,-0.07186301601370713,-0.19182827449512216,0.09584979204547826,-0.11469247986873432,0.14430745641655482,-0.1639675104644209,0.4173756685434171,0.10647183085322212,-0.0518236982443044,-0.3863009047295669,-0.27528647246364707,-0.1429652598411514,-0.019417377898247747,-0.1271931240347877,0.12044676309913893,-0.17531142810847336,-0.07435531231101251,0.01310101643770693,0.004631889312787062,0.333199895079958,0.2956462448717937,0.0429591150310187,-0.09803478078041734,0.035640028243320784,-0.028420216069721924,0.658023209886832,-0.11613643906268309,-0.1335892649596731,0.026694361320049317,0.48427046093008147,-0.1647128640647088,-0.06457398707903307,-0.1494611578886535,-0.05851533468520481,0.22201200414794234,-0.02250002442661845,-0.04280313354976703,-0.17504094392717845,0.1320645132466605,0.015741514576938016,0.20868650061674618,-0.23349143416029516,-0.09219550058614405,-0.1651145798737962,-0.38013396948144473,-0.21144897934518542,0.7744452357897936,0.0006851267484483974,-0.15518517085274625,-0.07713970781319031,-0.12098401556292354,-0.023913214594946552,-0.2446205035479924,-0.28554812125209145,0.3235309516911633,-0.1342319331086078,-0.03568003236941082,-0.005289122731982273,-0.18563467567693087,-0.17768298583496925,-0.3524826719047671,-0.4188322569468617,-0.15875676978478465,0.4044337899750306,-0.24132465827503294,0.37024589236242683,-0.10119039478093181,-0.1442316803598917,-0.40941734746065356,-0.057232559568104184,-0.1029453159716913,0.05314129731443825,-0.04413043530053631,-0.219656370280493,-0.07617035841939347,0.2749153438717746,-0.025401493320533833,-0.40799477403414874,-0.42974281104678747,0.0036368604734016803,0.00522880806076104,-0.20460265944584824,0.09461956667291589,0.3901724171338189,0.07552811627210311,0.17894413592353267,0.035870399729979505,-0.16392859023314185,0.3010540587774968,-0.12611321159212235,-0.12314120228016552,0.26602558613484956,-0.04872182333533042,-0.12175982817763592,0.18308826246507273,0.05725448785638855,-0.009414318895023994,-0.04345011586847405,-0.176019665451301,-0.11587003710432757,0.06098849803731343,0.40035859686552944,-0.06447704814364735,-0.005971318989444089,0.21491760721090114,0.04290902289624222,0.13292582837074346,0.06783817639690205
26,0.28035585201390656,0.22539712683433055,-0.29555522541647705,-0.05184682696191827,-0.10933720876114915,-0.04631472730581118,0.09774928839035565,0.08150682913448663,-0.018241020119787066,-0.08903027923496437,-0.04202677360018794,-0.07920465330855793,0.07595081470396298,-0.0655360039037268,-0.059797128215249684,-0.003082161692387103,-0.2970380995257191,0.06278939046926943,-0.18541313875183532,0.013792051859518241,-0.36822488854484725,0.22971091399472257,-0.11312908685751857,-0.06551220143938133,-0.5993863373411689,-0.06733236128016161,-0.08577096405066051,0.006123685915522416,-0.003402027840448051,-0.07436272534900012,-0.34392462180311073,0.09073396866166022,0.03397018562626445,-0.317265499077583,-0.37111984928475983,-0.3777284047333909,-0.04811229655271499,0.07805745609173627,0.3229080480665168,-0.0028995329593000424,-0.3062664352633645,0.041378551079594574,0.12726067378288813,0.0009462999671285603,0.28377475141103714,-0.25224169223935156,0.025708539162459437,-0.01033420513588334,0.04898762234453216,0.020163508382586542,0.6183928977515782,0.025517023011672312,-0.09170268325693948,0.10431963810328915,-0.017020830297796052,-0.21187616434712445,-0.04824650314210429,0.06321124269127071,0.05983486469966134,0.4292115505140582,0.20240251336580153,-0.027674243418029494,-0.33579449315489907,0.24288522539427235,0.010277818811707012,0.14178369753414738,-0.2399394764794345,0.13820540913490248,0.10846894719362334,-0.0787321970167255,-0.02938083900363766,0.8181953286744303,0.15085136904173424,-0.047437128790508265,-0.07664439597901126,0.05456307177790171,0.4199546322997988,0.20769282010166415,0.03759431621225888,0.4446862056393155,-0.10741911921494249,-0.2127751774573028,-0.33850938547362447,0.23647146937170888,-0.2892458108326056,-0.320024995412716,-0.029940759617455095,-0.1417968639237815,-0.2828059219917613,0.9463171248507771,0.5494440509412768,0.22290497015037633,0.15220373157861228,-0.3004637962891524,-0.4344792224443433,-0.13134397455480196,-0.15059629155078647,-0.08989762539519172,-0.25188946482378033,-0.025772965742554037,0.8218108588582654,-0.06572544608876457,-0.45263494151938083,-0.39474233652842355,0.03567884266887234,-0.011360889533478412,-0.0983431772756441,0.013434087271094294,0.42761937492542745,-0.0960108218946128,0.11985564318008225,0.05854640618574823,-0.2820908975887376,0.21566294163548894,-0.14180519551886323,-0.07185566225636154,0.4523214193968247,0.09212051848341493,-0.22048119401443053,-0.016165297055454494,0.027571277719113,0.08187129408115869,-0.0933938112074372,-0.13625820825744056,-0.06715697481381191,-0.005012925510676807,0.32932796129678654,-0.17357811328015915,-0.15930488243140903,-0.004100141499448339,-0.006655340638102111,-0.08428290578714324,0.0878279433299813
27,0.18544923256979162,0.7702976060798197,-0.15698476459139837,0.3959134766979881,-0.013567500454151327,0.1262041167421163,-0.010609452876253176,0.42075792956029895,0.09594486199233446,-0.08415243097779967,-0.1751278157655915,-0.1137497217889756,0.2838520585498789,0.5932147722278611,-0.01734168075638347,-0.011571166353622354,0.10225833132662555,0.2629431150762148,-0.14059713416109187,0.013616631965013577,0.08138973704707159,0.30163351281526984,-0.03610285790825943,0.055799152652124866,-0.5611410648855175,-0.05269762733926539,0.21498898817487452,0.04191485359583678,-0.14132237669321093,-0.1259108812910945,-0.30449832637996316,-0.1313340328731511,0.12890832997774515,-0.1431637803613051,-0.3084459681482617,-0.16645529723892644,0.13165307288516753,0.13832488588385866,-0.018800511721862725,0.12259203489277735,-0.28025503819521025,-0.0034279785182022102,0.13199094917196005,0.0057475271687701165,-0.01476323260672126,-0.4483526343929187,0.023882407300450485,0.22502062699699626,0.0513838621327476,0.05087953430337661,0.30207296676328965,0.19931186002185264,-0.05499846541652624,0.030333483563764384,-0.32501613674101876,-0.2137804291951004,0.0916718814726022,0.4542329697499646,0.2424539377298266,0.3623182070196396,0.03941035031323795,-0.06091695527551307,-0.28501497507170853,0.1867265335299115,0.041926782429563894,-0.07961116706462827,-0.05489183589765127,0.6275957235444618,0.22441713716373293,0.5269564806110805,0.4006780193616229,0.7544164501263803,0.6150333965629791,0.3024152239208103,0.10371200840300465,0.6669263332902923,0.6638382219296299,1.116162906214821,0.9038632975220711,0.6040783001645933,0.06185094616114075,-0.2570645739775913,-0.3785695586928548,0.4874575486555035,-0.35470415830130847,-0.26945917401829994,0.4834704923314548,0.09139298069016372,-0.3834317461899947,1.3964281705852943,0.6416366811463613,0.43184164996956886,0.5342625774952661,0.04609089961844811,-0.42582593970863825,-0.019642584127900292,-0.3033137783415253,-0.06557263784358164,-0.3001975538464825,0.026550330423760066,0.7573431928787292,0.07997986936579556,-0.2977736575325922,-0.3593622473189712,0.014310175496331365,-0.09881302240372505,-0.100769388519266,0.6331078867836682,0.2534532886934054,-0.16950890257131623,0.027310122009125082,0.004471023914392069,-0.2920242014260264,-0.001243408653990322,-0.16009554946027854,0.1154503919834519,0.36914079224538027,0.3586196824602031,-0.1232151922123616,-0.0059550373362365116,-0.07398099260823643,-0.15889690597703818,-0.09930523869355198,-0.06628011855813472,-0.00020276913159098073,-0.23019158531836786,0.0880239701586591,-0.2821841136519247,-0.18537483680898884,-0.16284135349236195,-0.04354026714880226,-0.28810696289509863,0.15855960761481386
28,0.0615894774284106,0.9253236049590211,0.13030888972124732,0.6726520302228188,-0.02367143738636815,0.0739453122846099,0.2732609160356871,0.806897730842507,0.12854559778990998,-0.015571243935462213,0.5121378446340483,0.09150818942397322,0.8683297568100302,1.1114094862438986,0.22523642024850948,0.13876732528678584,0.7853171819542888,0.6014976946179829,0.027280040956630083,0.31867182850951115,0.832728871304539,0.35445572832990907,0.09146493674122973,0.11391093596788222,-0.4379498151849585,0.07843066749848518,0.340410867077619,0.163382761719648,-0.07600165865577545,-0.09134824121192694,-0.03171887994611423,-0.3559959437131469,0.31185477618283625,0.3150828846836092,-0.2916000350500559,0.7337965266919455,0.4176069821136801,0.43142451204643234,-0.04151538988211044,0.12712853320798742,-0.11894689372302289,0.028710262670927657,0.42168075125213816,0.22431293641860323,-0.07887140141237421,-0.510990565075796,-0.0005367978310650428,0.7079949921792622,0.02124239648210457,0.061028765889742674,0.09920921125483137,0.2527445574792958,0.04635322589571883,0.02529469891862046,-0.3183432335846935,-0.18320136139823429,0.1784653487162762,0.6763530100531931,0.3724082393006491,0.3386066731091199,0.36900093354094476,0.11235046867353565,-0.36357302496448496,0.05861591386319971,0.044132496645897926,-0.08379825047811956,0.2428946648858416,0.9696993895797328,0.0020192627034206754,1.3471263960081115,0.6662416456170461,0.3703141844271617,0.6283550918458376,0.5535043572607582,0.06918955976998667,0.39048275582409103,0.7766735600764237,1.030874027698638,0.9600316537340492,0.6914518607696684,0.1989547085751099,-0.08391569966381754,-0.3609499035827401,0.3260961209350325,-0.23229649238914613,-0.2940613909659678,1.1406517899208781,0.16845244846457028,-0.30820595552614993,0.6589008342884741,0.22542675635644308,0.93799450192501,0.5282819856807546,-0.11558159863764308,-0.42959018782251696,0.03791203060053703,-0.37366889642139367,-0.018447441587866625,-0.2845143428366546,0.007317557849326044,0.2839825390159302,0.13111239663796914,0.024631825014235473,-0.2331024010629211,-0.029374755296072443,-0.09074717249977741,-0.01616011769879256,0.6554025796908576,-0.06425437008648888,-0.27315049987998397,-0.013785379549536465,0.03432538880794084,-0.22376417205048066,-0.2021424031293378,-0.07061121396796884,0.2654878760956442,0.11819458478190123,0.5861789417525787,-0.28212803031130884,0.3865885168688156,-0.026441393875396013,-0.0962567497164203,-0.1239848865253168,0.006486201179226779,0.05208096870327114,-0.27004515734987566,-0.3065685857916758,-0.2283248035853898,-0.07612061211603159,-0.036271768074604666,-0.08046415935410452,-0.28653229500687144,0.14601527902750597
29,-0.06400670091066615,0.7152338479272995,0.6714495406318672,1.2887240522984984,0.0073610108140650925,0.09454005083895302,0.8971850635104573,1.4638292203876837,0.21713645101836662,0.2163612158303817,1.4094122207660345,0.29586218129381575,1.3475947710603042,1.0818875520223212,0.6911990542183056,0.31470343098261105,1.6221456765047686,1.2981682612266217,0.21077474416171146,0.8855884460361175,1.2783679047386955,0.6274273065700772,0.1594802917574858,-0.03992525577695146,-0.2379327004456538,0.29080510813342414,0.8640385889510145,0.6376679833636383,0.060937764738404974,-0.21363515463957858,0.4091141841875555,-0.28635682012168867,0.13239069796005826,0.7649122631263392,-0.036857324366360675,1.5647619873221155,1.1886099592687764,0.8579770457774507,-0.2028301005265028,-0.009226035127800826,-0.10177515485995753,0.154443025126947,0.5746014105540532,0.6185315416720621,-0.14063115330393366,-0.4900565776255485,0.18735943031480812,0.9102510600205792,0.3439876257100376,0.3659082102232594,-0.06540287049354798,0.46238752424113705,0.1491640293633744,0.24357205042143795,-0.25752690102071496,-0.19393174268444927,0.5270494187327578,0.6096918712608328,0.1275966119126392,0.010310587046466011,0.728765052348464,0.09356896488070882,-0.33246468869042756,0.26591609703793057,0.007404319557400281,0.030792037751649376,0.4938753457360105,1.1507172677703847,-0.3055994686150782,1.0526300231165344,0.5871816874342831,0.23580579851636077,0.5801038576752082,0.46120625318054886,0.015908158179013712,0.0031490802999468003,0.28237457691399453,0.44045569190764444,0.33975998032155036,0.354241005060908,1.0694864733663918,0.14548002137979613,-0.3299507405509242,0.017850059097500096,0.1619551857804674,-0.41255283832381906,0.7080140467220266,-0.000641534579068308,-0.1283324798680376,-0.06328756593871906,-0.27975991128666466,0.7551976127139564,0.2045222594520537,-0.3682555262230628,-0.36318851449922723,0.006084100037579102,-0.41835540947638616,-0.03774542387660729,0.045883780401803825,0.13398072870935573,0.07661734149106407,0.14048818578927663,0.1906018756971823,-0.25096327227863713,-0.0271049312478375,-0.12341768125898507,-0.12993697768354956,0.10957608769548047,-0.06275526801803406,-0.16498737507652156,0.2422905613245526,0.11110054693386638,-0.15428605557463446,-0.25954847679656956,0.003391449530902725,0.18519845698824436,-0.14397766779126922,0.31155798364911447,-0.1927647048889305,0.6795592988121192,0.03336853220696934,0.3674894975370833,-0.10998177122550856,0.10225217660260004,0.24778145526840256,-0.2404487165084364,-0.5494244159374913,-0.1690664853297365,-0.07494299735442753,-0.04111840272748527,-0.1025343287769447,-0.29151874331959093,0.02840558231443751
30,0.022565852128648225,0.07339719427745092,1.0723448166284555,2.0204581828470323,-0.0623156181642662,0.19337825394112154,0.9606533307831641,0.25302261770831735,0.1699371866572624,0.1749075976289838,1.9898010528193915,0.2481761721744633,1.0652359484294478,0.6365061019191759,0.8075386615456968,0.3405088178793872,1.4661250301006143,2.2719230480725496,0.25263151972725606,0.6377336289383454,1.09214581631044,0.7452589830222419,0.4546701289529121,0.12845275758080338,0.0004638148002794098,0.22047208703172003,0.9538243214752008,0.7029411457353648,0.0536477050803021,-0.03816216131644117,0.9095892929556749,-0.10755326812995787,-0.025823259007922893,0.924413855223977,-0.04643584744463194,1.5396866167299705,2.684379792768621,1.62445964873389,-0.28200937477170457,-0.1618272796587242,0.21113468960656873,0.07445183260365011,0.5140002523399695,1.8025819047524183,0.013063701350737053,-0.2562050519980387,0.16598094707445185,0.5886610450799435,0.37760902386210593,0.7877484726827038,-0.09720021153898148,0.5697032725448636,0.204163752635207,0.7403682231845674,0.1335981377813722,-0.21817333646344775,1.062749539481222,0.5431563659754312,-0.15749949062260477,-0.18386253783610076,1.5430774519217532,0.3278546746778041,-0.2904621008532622,0.2214850556225707,0.05408856448476335,0.21323571016329634,0.2891746505831503,1.0068484618112006,-0.3667220192627035,0.44346499707348214,0.318330694577054,0.3816718320051306,0.37660851872981105,0.08426268153313451,-0.01923539576987969,-0.26991171690504423,-0.1968972500304121,0.0012972804076153291,-0.007943805610560989,0.027320777899169826,0.5935250003402643,0.27874158919820774,-0.3090449713697888,-0.19934752908492892,0.6228331173634247,-0.507782316675644,0.030092948629732247,0.06018019678452939,-0.1956391699785651,-0.45912394608585044,-0.533473450693442,0.25672941470119603,0.18005620202905182,-0.32511316518099664,-0.1449743220496582,0.10930518663098317,-0.2038704313954037,0.24083643649653463,0.5670982616686181,0.3659032793759372,-0.0049508166422831835,0.20794551117303933,0.23175789503099972,-0.2730758280345449,-0.02439436466596491,-0.07235092808162542,-0.05454894202701867,-0.08888829374112844,0.17113524858069723,0.026219277337099663,0.1292230950267348,-0.10379858762232336,-0.10366864258731129,-0.19028716394849587,0.08997212349245357,0.31991224743690183,-0.24078196982411676,-0.058214635920087694,-0.12770546213520284,0.9030821226652415,0.17357972544878553,0.2778766119603495,0.09078199419646178,0.09301211194160024,0.10699828171337486,-0.22856314206271008,-0.5644946907054085,0.15393992155558675,-0.08038438970114979,0.026734482412844224,-0.10424102620053292,-0.22650404641930078,-0.05728753153725359
